name,HOST,SECURE
cookie_notif,www.dropbox.com,1
locale,.dropbox.com,1
gvc,www.dropbox.com,1
sc_anonymous_id,.soundcloud.com,0
js_csrf,.www.dropbox.com,1
CONSENT,.google.com,0
dsca,.netflix.com,0
optimizelyEndUserId,.apple.com,0
WT_FPC,.microsoft.com,0
WT_NVR_RU,.microsoft.com,0
_chartbeat2,www.gutefrage.net,0
m-depd,.quora.com,0
m-f,.quora.com,0
prov,.serverfault.com,0
prov,.stackoverflow.com,0
prov,.stackexchange.com,0
abt_user,.computerbild.de,0
amznacsleftnav-187803927,www.amazon.de,0
msresearch,.microsoft.com,0
si,.owneriq.net,0
gid,.gssprt.jp,0
prov,.superuser.com,0
prov,.askubuntu.com,0
session-id-time,.amazon.com,0
session-id,.amazon.com,0
uci,dkuim.de,0
_gd_visitor,marketing.dropbox.com,0
optimizelyEndUserId,.wikia.com,0
WikiaLifetimeSource,.wikia.com,0
euCookiePolicy,.wikia.com,0
__wn_sess,.adrunnr.com,0
eu_cookie_v2,.reddit.com,0
optimizelyEndUserId,.heise.de,0
optimizelyEndUserId,.microsoft.com,0
CONSENT,.google.de,0
POPUPCHECK,.yahoo.com,0
_recent_srs,www.reddit.com,1
swap,bs.to,0
x-wl-uid,.amazon.de,0
optimizelySegments,.heise.de,0
optimizelyBuckets,.heise.de,0
optimizelyBuckets,.microsoft.com,0
_polar_tu,www.chip.de,0
JEB2,.adtechus.com,0
_ga,.musixmatch.com,0
nativendo_uuid,.nativendo.de,0
_ga,.bs.to,0
lc-acbde,.amazon.de,0
pi,.ml314.com,0
ads,bs.to,0
optimizelySegments,.hp.com,0
optimizelyBuckets,.hp.com,0
DSTJS,.demdex.net,0
permutive-id,.chip.de,0
__gads,.googlesyndication.com,0
optimizelySegments,.wikia.com,0
optimizelyBuckets,.wikia.com,0
optimizelyEndUserId,.focus.de,0
optimizelySegments,.focus.de,0
optimizelyBuckets,.focus.de,0
cookie_check,.paypal.com,1
feel_cookie,.paypal.com,1
liveagent_oref,www.realvnc.com,0
liveagent_ptid,www.realvnc.com,0
liveagent_oref,manage.realvnc.com,0
liveagent_ptid,manage.realvnc.com,0
__gads,.criteo.com,0
HD_IRMDR2KSD_HCN_ATN,.damoh.chip.de,0
_s6w_idid.a0b6,www.apfeltalk.de,0
creid,.zeit.de,0
x-main,.amazon.com,0
at-main,.amazon.com,1
lc-main,.amazon.com,0
ubid-main,.amazon.com,0
amznacsleftnav-271e5b3d-3ec5-37fd-bb46-fe88930bb6d4,www.amazon.de,0
G_ENABLED_IDPS,.disqus.com,0
edgebucket,.reddit.com,1
p2ePopoverID_275-0215170-6855756,www.amazon.de,0
T,.yahoo.com,0
F,.yahoo.com,0
YP,.yahoo.com,1
PH,.yahoo.com,0
Y,.yahoo.com,0
SSL,.yahoo.com,1
AO,.yahoo.com,0
MUIDB,bat.bing.com,0
MUIDB,c.bing.com,0
_ga,.wordpress.com,0
wordpress_eli,.wordpress.com,0
sc_is_visitor_unique,.www.mozilla.org,0
__gads,.giga.de,0
s_vi_jmx7Cijmvwx7C4x7Dx7C4mkxxzrpwx7Emx7Cjm,.omtrdc.net,0
imid,.im-apps.net,0
_ga,.chip.de,0
_ga,.tipico.de,0
_wyidfp,.tipico.de,0
_wyidfp,.www.tipico.de,0
permutive-session,.www.chip.de,0
_psegs,.www.chip.de,0
navlns,.paypal.com,1
s_pers,.paypal.com,0
sc_f,.c.paypal.com,1
_ga,.youtube.com,0
__utma,.python.org,0
_ga,.discordapp.com,0
__utma,.google.com,0
588f272a3e49c_uuid,.nativendo.de,0
__utma,.kaggle.com,0
m-sa,.quora.com,0
personalization_id,.twitter.com,0
_ga,.rstudio.com,0
optimizelyEndUserId,.cnet.com,0
optimizelySegments,.cnet.com,0
optimizelyBuckets,.cnet.com,0
XCLGFbrowser,.cbsi.com,0
s_lv_download,.cnet.com,0
amplitude_idtrustpilot.com,.trustpilot.com,0
TP.uuid,.trustpilot.com,1
__gads,.reddit.com,0
trcontrol,www.pc-magazin.de,0
_ga,.dict.cc,0
GU_EU_MSG,.theguardian.com,0
DotomiUser,.dotomi.com,0
pa_pubmatic_ts,.prfct.co,0
pa_brealtime_ts,.prfct.co,0
zdbb,.speedtest.net,0
h_zdbb,.speedtest.net,0
__cfduid,.rawgit.com,0
__cfduid,.tawk.to,0
__cfduid,.medium.com,0
uid,.medium.com,1
sid,.medium.com,1
__cfduid,.billiger.com,0
UID,.scorecardresearch.com,0
UIDR,.scorecardresearch.com,0
vidyk,www.gutefrage.net,0
mako_uid,.eyeota.net,0
__utma,.gutefrage.net,0
ykoptout,www.gutefrage.net,0
__atuvc,www.duden.de,0
__cfduid,.vivo.sx,0
_abck,.tipico.de,0
_abck,.tipico.com,0
__cfduid,.lapalingo.com,0
affid,.www.lapalingo.com,0
_ga,.python.org,0
AMCV_AE8901AC513145B60A490D4C%40AdobeOrg,.vodafone.de,0
mbox,.vodafone.de,0
s_pers,.vodafone.de,0
utag_main,.vodafone.de,0
__cfduid,.openload.co,0
__cfduid,.oloadcdn.net,0
__cfduid,.ghbtns.com,0
Phpstorm-f1441b19,localhost,0
__ddgu,.bs.to,0
__cfduid,.imgur.com,0
tfm_uid,www.chip.de,0
mid,www.instagram.com,0
csrftoken,www.instagram.com,1
__cfduid,.navdmp.com,0
iuuid,segments.company-target.com,0
bito,.bidr.io,0
guest_id,.twitter.com,0
MUID,.bing.com,0
__cfduid,.truoptik.com,0
RCID2,.reson8.com,0
yieldmo_id,.yieldmo.com,0
__qca,.wikia.com,0
__qca,.superuser.com,0
cuidn,.carambo.la,0
uid,.criteo.com,0
pa_liveramp_ts,.prfct.co,0
__cfduid,.mathjax.org,0
LOGIN_INFO,.youtube.com,0
PREF,.youtube.com,0
bcookie,.slideshare.net,0
_uv_id,.slideshare.net,0
__utma,.slideshare.net,0
_cb_ls,www.heise.de,0
__gads,.cnet.com,0
LDCLGFbrowser,www.cnet.com,0
XCLGFbrowser,www.cnet.com,0
__cfduid,.lightboxcdn.com,0
__cfduid,.tru.am,0
__bxtest,.cnet.com,0
cookie,.onaudience.com,0
u,.erne.co,0
__utma,.player.vimeo.com,0
player,.vimeo.com,0
__qca,.serverfault.com,0
G_ENABLED_IDPS,.www.quora.com,0
u2uforum_properties,www.heise.de,0
__cfduid,.cloudflare.com,0
ssi,.sitescout.com,0
user-0,.spotxchange.com,0
__cfduid,.infolinks.com,0
TestIfCookieP,.smartadserver.com,0
pbw,.smartadserver.com,0
OAX,.mookie1.com,0
BR_APS,.btrll.com,0
tt_viewer,.teads.tv,0
permutive-id,.focus.de,0
axd,www.focus.de,0
__gads,.focus.de,0
_cb_ls,www.focus.de,0
__uzma,.ads.servebom.com,0
__uzmb,.ads.servebom.com,0
__uzmc,.ads.servebom.com,0
__uzmd,.ads.servebom.com,0
u,.ads.servebom.com,0
ud,.ads.servebom.com,0
__ssds,.wonderhowto.com,0
_cb_ls,null-byte.wonderhowto.com,0
_cb,null-byte.wonderhowto.com,0
_chartbeat2,null-byte.wonderhowto.com,0
s_vnum_n2_de,.apple.com,0
cvo_sid1,.convertro.com,0
_bc_uuid,.brightcove.com,0
NWB,.wcs.naver.com,0
B,.yahoo.co.jp,0
_s,bs.to,0
__cfduid,.sunmaker.com,0
__cfduid,.computerhilfen.de,1
vidyk,www.computerhilfen.de,0
ykoptout,www.computerhilfen.de,0
G_ENABLED_IDPS,.www.w3schools.com,0
sclocale,.soundcloud.com,0
remember_me_flag,.soundcloud.com,1
__cfduid,.pub.network,0
HPPIDENTITY,.hp.com,1
hpeuck_answ,.hp.com,0
__qca,.stackoverflow.com,0
_ga,.netflix.com,0
s_lv,.chip.de,0
__utma,.chip.de,0
throttle,ups.xplosion.de,0
axd,www.chip.de,0
mc,.quantserve.com,0
__cfduid,.inspectlet.com,0
ELOQUA,.eloqua.com,0
ELQSTATUS,.eloqua.com,0
s_vnum,.amazon.de,0
s_nr,.amazon.de,0
s_dslv,.amazon.de,0
client_width,pixabay.com,0
_ga,.pixabay.com,0
is_human,pixabay.com,0
__cfduid,.pxhere.com,1
CONSENT,.youtube.com,0
US_SID,goo.gl,0
_utastes_1,.outbrain.com,0
token,trello.com,1
G_ENABLED_IDPS,.trello.com,0
ajs_anonymous_id,.trello.com,0
7b3b0fa6e35fb45df98a6f11cce1337635c2a274,mautic.nextcloud.com,1
unicaID,.ieee.org,0
fp,ieeexplore.ieee.org,0
__cfduid,.freegeoip.net,0
__cfduid,.cdn.viglink.com,0
icts,.linksynergy.com,0
_pk_id.21.1802,dienste.bibliothek.fhws.de,0
liveagent_oref,www.vmware.com,0
liveagent_ptid,www.vmware.com,0
bcookie,.linkedin.com,0
bscookie,.www.linkedin.com,1
Hm_lvt_b56676ec5f2535319c80fb3063888888,.vmware.com,0
BE_CLA3,.www.vmware.com,0
notice_preferences,.vmware.com,0
dc_user_settings,.doccheck.com,0
__utma,.doccheck.com,0
__utmz,.doccheck.com,0
_cb_ls,www.computerbild.de,0
optimizelySegments,.computerbild.de,0
optimizelyBuckets,.computerbild.de,0
__cfduid,.dropboxstatic.com,0
_abck,www.dropbox.com,0
__stid,.sharethis.com,0
x-wl-uid,.amazon.com,0
optimizelySegments,.chip.de,0
optimizelyBuckets,.chip.de,0
optimizelyEndUserId,.chip.de,0
tfm_uid,praxistipps.chip.de,0
axd,praxistipps.chip.de,0
_bit,.amzn.to,0
session-token,.amazon.com,0
cc,stackoverflow.com,0
csouser,stackoverflow.com,0
__cfduid,.patreonusercontent.com,1
__cfduid,.picarto.tv,0
SID,.blogger.com,0
HSID,.blogger.com,0
SSID,.blogger.com,1
APISID,.blogger.com,0
SAPISID,.blogger.com,1
NID,.blogger.com,0
csrftoken,developer.mozilla.org,1
__cfduid,.widget.uservoice.com,0
__cfduid,.by2.uservoice.com,0
IMGURUIDJAFO,.imgur.com,0
_ga,.imgur.com,0
SESSIONDATA,.imgur.com,0
__qca,.imgur.com,0
__gads,.imgur.com,0
BizoID,.ads.linkedin.com,1
__cfduid,.hs-scripts.com,0
__cfduid,.codecademy.com,0
_pinterest_cm,.pinterest.com,0
_octo,.github.com,0
fc14,ad13.adfarm1.adition.com,0
ATN,.atdmt.com,0
gi_u,.adhigh.net,0
ftgnetid,.t4ft.de,0
__cfduid,.sunnyplayer.com,0
ct_tracker,www.sunnyplayer.com,0
oaidts,deloton.com,0
oaidts,pushno.com,0
hl,www.lapalingo.com,0
__lc.visitor_id.7151541,.lapalingo.com,0
http_referer,www.lapalingo.com,0
_ga,.lapalingo.com,0
_ga,.auskunft.de,0
__auc,.opogame.com,0
_ga,.opogame.com,0
GSP,.scholar.google.com,0
visitor_id111042,.pardot.com,0
visitor_id111042-hash,.pardot.com,0
__cfduid,.experts-exchange.com,0
__cfduid,.bufferapp.com,0
__qca,.googleusercontent.com,0
_ga,.googleusercontent.com,0
Res,.mindfactory.de,0
ct_tracker,www.sunmaker.com,0
liveagent_oref,comeon.secure.force.com,0
liveagent_ptid,comeon.secure.force.com,0
__cfduid,.mailerlite.com,0
__cfduid,.siteimproveanalytics.com,0
demdex,dpm.demdex.net,0
sum_query_frequency,.linguee.de,0
__cfduid,.pulpulacha.com,0
nature_impact_pd,.springernature.com,0
ACOOKIE,statse.webtrendslive.com,0
wt3_eid,.springer.com,0
__cfduid,.acm.org,0
__auc,.quasargaming.com,0
__cfduid,.oload.win,0
cc,.de17a.com,0
guid,.de17a.com,0
__qca,.soundcloud.com,0
ki_t,link.springer.com,0
ki_r,link.springer.com,0
__utma,.soundcloud.com,0
__utmz,.soundcloud.com,0
acnetwork,nextoptim.com,0
cookieId,.shein.com,0
eu_cn,.twitter.com,0
__utma,.twitter.com,0
__utmz,.twitter.com,0
_ga,.twitter.com,0
infinityID,infinityid.condenastdigital.com,0
__utma,.arstechnica.com,0
__utmz,.arstechnica.com,0
_parsely_visitor,.arstechnica.com,0
__cfduid,.parrotsec.org,0
__utma,.zinzinzibidi.com,0
__utmz,.zinzinzibidi.com,0
browserSessionId,.depositphotos.com,1
10_currency,.depositphotos.com,1
__utmDP,.depositphotos.com,1
__utma,.depositphotos.com,0
__utmz,.depositphotos.com,0
_ym_uid,.depositphotos.com,0
_ga,.depositphotos.com,0
__qca,.askubuntu.com,0
_ig,.wikia.com,0
ki_t,.wikia.com,0
ki_r,.wikia.com,0
SOSYNC,.socdm.com,0
MC1,.microsoft.com,0
MSCC,login.microsoftonline.com,1
MSCC,.microsoft.com,0
mkt,.live.com,1
MSCC,.live.com,0
MH,.live.com,0
ANON,.live.com,1
aoc,.areyouahuman.com,0
sessionid,.rkdms.com,0
sc,.rkdms.com,0
wlidperf,.live.com,0
MSPShared,.login.live.com,0
SDIDC,.login.live.com,1
SRM_B,.c.bing.com,0
SRM_I,.c.bing.com,0
WRUIDAWS,.microsoft.com,0
__CT_Data,.microsoft.com,0
visid_incap_1145931,.spiceworks.com,0
pc,.reddit.com,1
_ga,.reddit.com,0
__utma,.reddit.com,0
__utmz,.reddit.com,0
cto_lwid,.shein.com,0
__zlcmid,.shein.com,0
scarab.visitor,.shein.com,0
_ga,.shein.com,0
AffId,.www.lapalingo.com,0
tid,.www.lapalingo.com,0
_ga,.abeautifulsite.net,0
did,.pippio.com,0
didts,.pippio.com,0
avlcnt,.dc.arrivalist.com,0
avlukey,.dc.arrivalist.com,0
__atssc,www.kdnuggets.com,0
io.narrative.guid.v2,io.narrative.io,0
zync-uuid,.rezync.com,0
sd-session-id,live.rezync.com,0
SnapABugHistory,www.viversum.de,0
_pk_ref.119d2526-069e-4488-b5f4-53792dcb96d3.6828,www.viversum.de,0
__utma,.viversum.de,0
__utmz,.viversum.de,0
rxVisitor,.viversum.de,0
_pk_id.119d2526-069e-4488-b5f4-53792dcb96d3.6828,www.viversum.de,0
stg_last_interaction,www.viversum.de,0
stg_returning_visitor,www.viversum.de,0
_pk_ref.7e6175b5-93ab-4f0f-8389-6fab0e353477.15ec,www.questico.de,0
_pk_id.7e6175b5-93ab-4f0f-8389-6fab0e353477.15ec,www.questico.de,0
__atuvc,www.questico.de,0
__atssc,www.questico.de,0
SnapABugHistory,www.questico.de,0
__utma,.questico.de,0
__utmz,.questico.de,0
rxVisitor,.questico.de,0
stg_last_interaction,www.questico.de,0
stg_returning_visitor,www.questico.de,0
axd,www.desired.de,0
HD_EPEUUPSITM2KSD_HCN_ibbid,.damoh.desired.de,0
__cfduid,.schicksal.com,1
__cfduid,.s-img.de,1
_pk_ref.1.902a,.www.schicksal.com,0
cookieconsent_status,www.schicksal.com,0
_pk_id.1.902a,.www.schicksal.com,0
_ga,.schicksal.com,0
DID,ads.smartstream.tv,0
idt,ads.smartstream.tv,0
permanent,ads.smartstream.tv,0
taboola_rii,trc.taboola.com,0
_ga,.desired.de,0
trc_cookie_storage,www.desired.de,0
_ga,.www.sternzeichen.net,0
_ga,.sternzeichen.net,0
__utmz,.astroschmid.ch,0
__cfduid,.valao.de,0
_pk_ref.11.8a80,bibliothek.fhws.de,0
_pk_id.11.8a80,bibliothek.fhws.de,0
__utma,.kdnuggets.com,0
__utmz,.kdnuggets.com,0
__atuvc,www.kdnuggets.com,0
__unam,.thomas-cokelaer.info,0
_ga,.thomas-cokelaer.info,0
__cfduid,.notebookcheck.com,0
__vrz,.notebookcheck.com,0
__aac,.notebookcheck.com,0
uid,.btserve.com,0
__gacid,.notebookcheck.com,0
_ga,.notebookcheck.com,0
tuuid_new,.tag.clrstm.com,0
tuuid_new_last_update,.tag.clrstm.com,0
put_2132,.rubiconproject.com,0
put_2238,.rubiconproject.com,0
tidal_ttid,.tidaltv.com,0
er_guid,.eyereturn.com,0
_nauid,.nrich.ai,0
uid,.adotmob.com,0
uuid,.adotmob.com,0
partners,.adotmob.com,0
vfde,.vfde.demdex.net,0
_auid,.c.appier.net,0
put_3632,.rubiconproject.com,0
uid,.ad-m.asia,0
put_3822,.rubiconproject.com,0
uid,.admatrix.jp,0
_ga,.render.githubusercontent.com,0
_ga,.ssl.de,0
__gads,.theguardian.com,0
CBS_INTERNAL,.zdnet.com,0
XCLGFbrowser,www.zdnet.com,0
LDCLGFbrowser,www.zdnet.com,0
AMCV_10D31225525FF5790A490D4D%40AdobeOrg,.zdnet.com,0
optimizelyEndUserId,.zdnet.com,0
utag_main,.zdnet.com,0
s_lv_zdnet,.zdnet.com,0
bm_last_load_status,www.zdnet.com,0
trc_cookie_storage,www.zdnet.com,0
__utma,.google.de,0
__utmz,.google.de,0
__utma,.google.com,0
__utmz,.google.com,0
idrxvr,.xiti.com,0
_ga,.wimmelbild-buecher.de,0
BT_pdc,www.united-domains.de,0
_ga,.united-domains.de,0
et_id,stats.united-domains.de,0
_et_coid,stats.united-domains.de,0
_et_coid,.united-domains.de,0
ubpv,go.taboola.com,0
ubvs,go.taboola.com,0
_ga,.go.taboola.com,0
d_id,.taboola.com,0
_ga,.taboola.com,0
ga_cid,.taboola.com,0
_ga,.webopedia.com,0
WT_FPC,.webopedia.com,0
ACOOKIE,www.qsstats.com,0
ACX_COUNT,.acxiomapac.com,0
ACXID,.acxiomapac.com,0
ka_sessionid,www.kaggle.com,0
optimizelyEndUserId,.kaggle.com,0
optimizelySegments,.kaggle.com,0
optimizelyBuckets,.kaggle.com,0
intercom-id-koj6gxx6,.kaggle.com,0
voluum-cid-v4,.track.voladtrack.com,0
promoModalShown,www.tipico.com,0
liveagent_oref,www.tipico.com,0
liveagent_vc,www.tipico.com,0
liveagent_ptid,www.tipico.com,0
PAPVisitorId,.becomeaffiliates.com,0
site_visitor_id,.www.arescasino.com,0
visid_incap_1680467,.arescasino.com,0
cc-v4,.redirect.auskunft.de,0
ahoy_visitor,www.futurelearn.com,1
_csrf_token,www.futurelearn.com,1
stc114483,.futurelearn.com,0
_ga,.futurelearn.com,0
__cfduid,.npmjs.com,1
__cfduid,.shields.io,0
_ga,.npmjs.com,0
liveagent_vc,comeon.secure.force.com,0
_pk_ref.2908.3ae1,www.elektro-baucke.de,0
_pk_ref.1.3ae1,www.elektro-baucke.de,0
_pk_id.2908.3ae1,www.elektro-baucke.de,0
_pk_id.1.3ae1,www.elektro-baucke.de,0
token,data.ad-score.com,0
NetRefer_CookieUniTrack_C,ads.quasaraffiliates.com,0
NetReferSPS,ads.quasaraffiliates.com,0
acnetwork,35.184.188.211,0
OACCAP,deloton.com,0
OACBLOCK,deloton.com,0
OXCCLK,deloton.com,0
OXPCLK,deloton.com,0
afclick,rexmox.com,0
_ga,.notebookheaven.de,0
__utma,.docs.cuckoosandbox.org,0
__utmz,.docs.cuckoosandbox.org,0
uid,hackernoon.com,1
sid,hackernoon.com,1
_ga,.hackernoon.com,0
__cfduid,.blackhat.com,0
sskyu,.sundaysky.com,0
sskyCreationTime,.sundaysky.com,0
muidn,.mgid.com,0
muidn,.steepto.com,0
_ga,.sunnyplayer.com,0
_ga,.sunmaker.com,0
__atuvc,www.sunmaker.com,0
OAID,deloton.com,0
allcnt,deloton.com,0
_OACCAP[1112174],deloton.com,0
_OXCCLK[1112174],deloton.com,0
_OXPCLK[107372],deloton.com,0
cc-v4,.inseauty-younds.com,0
__v2,www.smrt-redirect.com,0
_pk_ref.4.e24a,to.com,0
_pk_id.4.e24a,to.com,0
_ga,.to.com,0
_pk_ref.35.44f3,www.bsi.bund.de,0
_pk_ref.29.24d8,www.rrz.uni-hamburg.de,0
_pk_id.29.24d8,www.rrz.uni-hamburg.de,0
wteid_981949533494636,audev.zeit.de,0
__cfduid,.accengage.net,0
userSession,.apester.com,0
__gads,.macwelt.de,0
WLtxCXqdBfcoi9GcDW,.ofzrnqi.com,0
__utma,.disqus.com,0
__utmz,.disqus.com,0
abbActivated,www.spiegel.de,0
__atuvc,www.onwardtek.com,0
__atssc,www.onwardtek.com,0
_ga,.onwardtek.com,0
phplive_vid,www.onwardtek.com,0
amp__byzktjcq9r1tf_contact_key__,cmap.amp.vg,0
amp__Company_r3ejje17cxm3,cmap.amp.vg,0
amp__byzktjcq9r1tf_contact_key__,www.onwardtek.com,0
amp__engagement__,www.onwardtek.com,0
_cb_ls,www.searchnetworking.de,0
_pk_ref.15.3307,www.kirchenrecht-ekkw.de,0
_pk_id.15.3307,www.kirchenrecht-ekkw.de,0
visid_incap_245202,.data-sec.net,0
__utma,.data-sec.net,0
__utmz,.data-sec.net,0
_ga,.ddipo.de,0
_pk_ref.9.b118,www.kunstgeschichte.uni-muenchen.de,0
_pk_id.9.b118,www.kunstgeschichte.uni-muenchen.de,0
__vrz,.woxikon.de,0
_ga,.woxikon.de,0
__aac,.woxikon.de,0
__gacid,.woxikon.de,0
ss,.de17a.com,0
eicm,.dsp.io,0
EXID,.dsp.io,0
IOID,.dsp.io,0
__kuid,.match.adsby.bidtheatre.com,0
OTP,.onetag-sys.com,0
uid,.primecaster.net,0
put_3856,.rubiconproject.com,0
APIDTS,.adtechus.com,0
sAPID,.adtechus.com,0
UID,tags.adsafety.net,0
DID,tags.adsafety.net,0
IDT,tags.adsafety.net,0
v,tags.adsafety.net,0
ct_uid,.adsafety.net,0
ct_did,.adsafety.net,0
ct_idt,.adsafety.net,0
put_2590,.rubiconproject.com,0
_rxuuid,.1rx.io,0
eid,.criteo.com,0
GSP,.scholar.google.de,0
_ga,.hpfsc.de,0
__atuvc,latex.hpfsc.de,0
__atssc,latex.hpfsc.de,0
_ga,.tvdigital.de,0
_ga,.kntk.de,0
stx_user_id,.sharethrough.com,0
rtbData0,.adaptv.advertising.com,0
axd,mbi.kntk.de,0
axd,www.kino.de,0
HD_EPEUUPSITM2KSD_HCN_ibbid,.damoh.kino.de,0
django_language,www.latex-tutorial.com,0
_ga,.latex-tutorial.com,0
cid,.ebay.de,0
thx_guid,src.ebay-us.com,1
x-pp-p,.paypal.com,1
_ga,.telefonvorwahlen.net,0
post_dcm,.po.st,0
post_ol,.po.st,0
_sscn_a,.solvemedia.com,0
_sscn_t,.solvemedia.com,0
_ga,.emuparadise.me,0
__cfduid,.discordapp.com,0
post_uuid,.po.st,0
__cfduid,.f95zone.com,1
_cb_ls,www.ign.com,0
zdcse_source,au.ign.com,0
_cb_ls,au.ign.com,0
_cb,au.ign.com,0
_chartbeat2,au.ign.com,0
_v__chartbeat3,au.ign.com,0
muxData,au.ign.com,0
_ga,.f95zone.com,0
htscallerid,www.donnerwetter.de,0
_pk_ref.30.411d,www.bibliothek.uni-wuerzburg.de,0
_pk_id.30.411d,www.bibliothek.uni-wuerzburg.de,0
_pk_ref.358.411d,www.bibliothek.uni-wuerzburg.de,0
_pk_id.358.411d,www.bibliothek.uni-wuerzburg.de,0
__utma,.wetter24.de,0
__utmz,.wetter24.de,0
ajs_user_id,.fender.com,0
ajs_group_id,.fender.com,0
ajs_anonymous_id,.fender.com,0
__zlcmid,.fender.com,0
_ga,.fender.com,0
_sdsat_session_count,www.mathworks.com,0
_sdsat_lt_pages_viewed,www.mathworks.com,0
mboxPC,.themathworksinc.tt.omtrdc.net,0
s_lastvisit,.mathworks.com,0
__qca,.mathworks.com,0
AMCV_B1441C8B533095C00A490D4D%40AdobeOrg,.mathworks.com,0
s_fid,.mathworks.com,0
_sdsat_session_count,de.mathworks.com,0
mwa_prefs,.mathworks.com,0
_sdsat_lt_pages_viewed,de.mathworks.com,0
mbox,.mathworks.com,0
optimizelyEndUserId,.dzone.com,0
optimizelySegments,.dzone.com,0
optimizelyBuckets,.dzone.com,0
RETURNING_VISITOR,dzone.com,0
_ga,.dzone.com,0
_omappvp,dzone.com,0
__insp_wid,.dzone.com,0
__insp_slim,.dzone.com,0
__insp_nv,.dzone.com,0
__insp_targlpu,.dzone.com,0
__insp_targlpt,.dzone.com,0
_parsely_visitor,.dzone.com,0
__utma,.virustotal.com,0
__utmz,.virustotal.com,0
__cfduid,.readme.io,0
VISITOR,sourceforge.net,0
sourceforge,sourceforge.net,1
__cfduid,.fsdn.com,0
_ga,.sourceforge.net,0
_pk_id.39.0d7e,sourceforge.net,0
trc_cookie_storage,sourceforge.net,0
taboola_svrii,trc.taboola.com,0
__utma,.wikispaces.com,0
__utmz,.wikispaces.com,0
cid,checkout.stripe.com,0
_ga,.arduino.cc,0
UUID,adscpm.site,0
_session_uuid,badge.fury.io,0
ajs_user_id,.oreilly.com,0
ajs_group_id,.oreilly.com,0
ajs_anonymous_id,.oreilly.com,0
_ga,.oreilly.com,0
_ga,.readthedocs.io,0
MSFPC,support.office.com,0
clientselection,.lync.com,0
devsite-notification-eu-cookie,developer.android.com,0
MicrosoftApplicationsTelemetryDeviceId,meet.lync.com,0
MicrosoftApplicationsTelemetryFirstLaunchTime,meet.lync.com,0
MicrosoftApplicationsTelemetryDeviceId,webdir2e.online.lync.com,0
MicrosoftApplicationsTelemetryFirstLaunchTime,webdir2e.online.lync.com,0
MicrosoftApplicationsTelemetryDeviceId,webpooldb42e10.infra.lync.com,0
MicrosoftApplicationsTelemetryFirstLaunchTime,webpooldb42e10.infra.lync.com,0
__cfduid,.wallpaper-house.com,1
__cfduid,.papers.co,0
__cfduid,.hdwallpapers.in,1
VID,.yadro.ru,0
__cfduid,.wallpapersden.com,0
pll_language,www.peter-braun.org,0
pll_language,peter-braun.org,0
__utma,.linksalpha.com,0
__utmz,.linksalpha.com,0
X1ID,.ru4.com,0
to_master,dmp.truoptik.com,0
to_version,dmp.truoptik.com,0
csrftoken,api.instagram.com,1
_ga,.trello.com,0
ajs_user_id,.trello.com,0
ajs_group_id,.trello.com,0
_sp_id.dc4d,.trello.com,0
_pk_ref.1.7a80,.nextcloud.com,0
_pk_id.1.7a80,.nextcloud.com,0
mautic_device_id,mautic.nextcloud.com,1
mautic_session_id,mautic.nextcloud.com,1
wthnepw5yftuz19wptumnvg,mautic.nextcloud.com,1
__Host-nc_sameSiteCookielax,cloud.fhws.de,1
__Host-nc_sameSiteCookiestrict,cloud.fhws.de,1
_ga,.rubydoc.info,0
devsite-notification-eu-cookie,www.tensorflow.org,0
_ga,.nabble.com,0
beta-redesign,.cambridge.org,0
preferedListDictCode,dictionary.cambridge.org,0
notifications,dictionary.cambridge.org,0
_ga,.dictionary.cambridge.org,0
did,.t.dps-reach.com,0
_ga,.www.tensorflow.org,0
ja_purity_ii_tpl,www.optimale-zahnbehandlung.ch,0
ariel,study.com,0
_sv,study.com,0
_idsv,study.com,0
_scrt,study.com,0
_ga,.techterms.com,0
__atuvc,techterms.com,0
__atssc,techterms.com,0
_ga,.wirtschaftslexikon.gabler.de,0
_pk_ref.1.9dca,gi.de,0
_pk_id.1.9dca,gi.de,0
__cfduid,.netnuts.de,0
resizefonts,www.computer-woerterbuch.de,0
OAID,www.itwissen.info,0
_ga,.itwissen.info,0
OptanonAlertBoxClosed,.link.springer.com,0
cfid,www.bigdata-insider.de,0
cftoken,www.bigdata-insider.de,0
msm_flower,www.bigdata-insider.de,0
NEWSLETTERAD_COUNTER,www.bigdata-insider.de,0
NEWSLETTERAD_LASTVISIT,www.bigdata-insider.de,0
_ga,.duden.de,0
__cfduid,.addtoany.com,0
__cfduid,.proquest.com,0
GUESTID,.proquest.com,0
_vwo_uuid,.proquest.com,0
cookie_from,ltfl.librarything.com,0
LTAnonSessionID,ltfl.librarything.com,0
notice_preferences,.ebookcentral.proquest.com,0
notice_gdpr_prefs,.ebookcentral.proquest.com,0
I2KBRCK,.www.hanser-elibrary.com,0
MAID,.www.hanser-elibrary.com,0
MACHINE_LAST_SEEN,.www.hanser-elibrary.com,0
s_fid,.bigdata-insider.de,0
__utma,.malc0de.com,0
__utmz,.malc0de.com,0
_ga,.malc0de.com,0
cookieconsent_status,ieeexplore.ieee.org,0
__utma,.astroschmid.ch,0
__cfduid,.heilstein.info,0
__atuvc,dl.acm.org,0
__utma,.books.google.de,0
__utmz,.books.google.de,0
_ga,.bigdata-insider.de,0
_gu,www.bigdata-insider.de,0
_gw,www.bigdata-insider.de,0
rxVisitor,.bigdata-insider.de,0
csrftoken,texwelt.de,0
uni-protok_forum_data,.uni-protokolle.de,0
_pk_ref.1.3408,be-jo.net,0
_pk_id.1.3408,be-jo.net,0
__atuvc,www.overleaf.com,0
__atssc,www.overleaf.com,0
HD_EPEUUPSITM2KSD_HCN_ibbid,.damoh.giga.de,0
_ga,.acm.org,0
utag_main,,0
AMCV_8E929CC25A1FB2B30A495C97%40AdobeOrg,,0
cookieconsent_status,,0
s_fid,,0
_vwo_uuid_v2,.proquest.com,0
p,www.89wp.org,0
_ga,.lingarts.com,0
did,.www.researchgate.net,1
I2KBRCK,pubs.acs.org,0
MAID,pubs.acs.org,0
MAID,.pubs.acs.org,0
MACHINE_LAST_SEEN,pubs.acs.org,0
MACHINE_LAST_SEEN,.pubs.acs.org,0
ACSEnt,.acs.org,0
ACSEnt,.acs.org,0
ACSEnt,.acs.org,0
ACSEnt,.acs.org,0
ACSEnt,.acs.org,0
ACSEnt,.acs.org,0
ACSEnt,.acs.org,0
ACSEnt,.acs.org,0
ACSEnt,.acs.org,0
ACSEnt,.acs.org,0
ACSEnt,.acs.org,0
ACSEnt,.acs.org,0
SnapABugHistory,pubs.acs.org,0
__atuvc,pubs.acs.org,0
_ga,.acs.org,0
_ga,.ebookcentral.proquest.com,0
AMCV_9E1005A551ED61CA0A490D45%40AdobeOrg,.adobe.com,0
s_pers,.adobe.com,0
__cfduid,.mein-schoener-garten.de,0
__utma,.brackets.io,0
__utmz,.brackets.io,0
__cfduid,.licensebuttons.net,0
__utma,.natureofcode.com,0
__utmz,.natureofcode.com,0
__cfduid,.accessengineeringlibrary.com,0
km_ai,.accessengineeringlibrary.com,0
__atuvc,www.accessengineeringlibrary.com,0
_ga,.accessengineeringlibrary.com,0
km_lv,.accessengineeringlibrary.com,0
_mkto_trk,.accessengineeringlibrary.com,0
_ga,.shiffman.net,0
cookiecookiecookie,.processing.org,0
__utma,.processing.org,0
__utmz,.processing.org,0
__cfduid,.symbolab.com,0
__atssc,www.symbolab.com,0
_ga,.symbolab.com,0
__atuvc,www.symbolab.com,0
__cfduid,.mathsisfun.com,1
__utma,.mathsisfun.com,0
__utmz,.mathsisfun.com,0
WR_SID,.wolframalpha.com,0
WR_SID,.wolfram.com,0
CookieWarning,www.wolframalpha.com,0
cookieconsent_status,ewh.ieee.org,0
vk,.codeproject.com,1
__utma,.codeproject.com,0
__utmz,.codeproject.com,0
__utma,.geeksforgeeks.org,0
__utmz,.geeksforgeeks.org,0
det_OS,www.codeweavers.com,0
_ga,.codeweavers.com,0
__io_r,.macwelt.de,0
__io_lv,www.macwelt.de,0
__io_uid_test,www.macwelt.de,0
__io,www.macwelt.de,0
_io_un,.www.macwelt.de,0
_io_un,.macwelt.de,0
_io_un,www.macwelt.de,0
_ga,.macwelt.de,0
STYXKEY-country,www.solver.com,0
_vwo_uuid_v2,.solver.com,0
SnapABugHistory,www.solver.com,0
_ga,.solver.com,0
_ga,.dataminingapps.com,0
_ga,.tuwien.ac.at,0
cookieconsent_status,www.ewh.ieee.org,0
__cfduid,.analyticsvidhya.com,0
_vwo_uuid_v2,.airbrake.io,0
ajs_user_id,.airbrake.io,0
ajs_group_id,.airbrake.io,0
ajs_anonymous_id,.airbrake.io,0
_ga,.airbrake.io,0
mp_091da6af2f8e4187b2a881a0bfe30a81_mixpanel,.airbrake.io,0
__smToken,airbrake.io,0
__cfduid,.acrobatusers.com,0
__utma,.answers.acrobatusers.com,0
__utmz,.answers.acrobatusers.com,0
__utma,.acrobatusers.com,0
__utmz,.acrobatusers.com,0
mboxPC,.adobe.tt.omtrdc.net,0
mbox,.acrobatusers.com,0
AMCV_9E1005A551ED61CA0A490D45%40AdobeOrg,.acrobatusers.com,0
s_pers,.acrobatusers.com,0
AAMC_adobe_0,.acrobatusers.com,0
LithiumVisitor,techcommunity.microsoft.com,0
LithiumVisitor,gxcuf89792.i.lithium.com,0
__atuvc,techcommunity.microsoft.com,0
__atssc,techcommunity.microsoft.com,0
MSFPC,techcommunity.microsoft.com,0
VISITOR_BEACON,techcommunity.microsoft.com,0
utag_main,.microsoft.com,0
tzo,answers.microsoft.com,0
MSFPC,answers.microsoft.com,0
__atuvc,rgb.to,0
__atssc,rgb.to,0
__utma,.rgb.to,0
__utmz,.rgb.to,0
__atuvc,www.excel-helfer.de,0
__atssc,www.excel-helfer.de,0
__utma,.excel-helfer.de,0
__utmz,.excel-helfer.de,0
_ga,.excel-helfer.de,0
_ga,.finanzen.net,0
__utma,.finanzen.net,0
__utmz,.finanzen.net,0
_omappvp,www.finanzen.net,0
WZRK_G,.analyticsvidhya.com,0
_ga,.analyticsvidhya.com,0
viewed_cookie_policy,www.analyticsvidhya.com,0
WZRK_G,.wzrkt.com,0
__cfduid,.www.statgraphics.com,0
__cfduid,.hubspot.net,0
__cfduid,.hscta.net,0
__cfduid,.hubspot.com,0
_ga,.statgraphics.com,0
__cfduid,.hs-analytics.net,0
__hstc,.statgraphics.com,0
hubspotutk,.statgraphics.com,0
_ga,.ebay.de,0
_ga,.kaggle.com,0
intercom-lou-koj6gxx6,.kaggle.com,0
visid_incap_99025,.bitstamp.net,0
csrftoken,www.bitstamp.net,0
mp_81e99560105e20e0724bef3ef49f14f0_mixpanel,.datazar.com,0
_ga,.datazar.com,0
fly_img,.techrepublic.com,1
CBS_INTERNAL,.techrepublic.com,0
XCLGFbrowser,www.techrepublic.com,0
utag_main,.techrepublic.com,0
AMCV_10D31225525FF5790A490D4D%40AdobeOrg,.techrepublic.com,0
bm_last_load_status,www.techrepublic.com,0
trc_cookie_storage,www.techrepublic.com,0
taboola_svrii,trc.taboola.com,0
_ga,.exceltable.com,0
_ym_uid,.exceltable.com,0
yandexuid,.yandex.ru,0
i,.yandex.ru,0
yp,.yandex.ru,0
__utma,.bitstamp.net,0
__utmz,.bitstamp.net,0
_ga,.bitstamp.net,0
__atuvc,blog.enthought.com,0
__atssc,blog.enthought.com,0
_ga,.enthought.com,0
_ga,.machinelearningmastery.com,0
centerVisitorId,js.center.io,1
_drip_client_9556588,.machinelearningmastery.com,0
__cfduid,.npttech.com,0
__cfduid,.tinypass.com,0
__cfduid,.dianomi.com,0
bipf,.businessinsider.com,0
traffic_src,www.businessinsider.com,0
_ga,.tinypass.com,0
trc_cookie_storage,www.businessinsider.com,0
_cb_ls,www.businessinsider.com,0
_cb,www.businessinsider.com,0
_chartbeat2,www.businessinsider.com,0
bm_last_load_status,www.businessinsider.com,0
vdnaUserId,vdna.exelator.com,0
_cb_ls,www.businessinsider.de,0
_ga,.businessinsider.de,0
__utma,.businessinsider.de,0
__utmz,.businessinsider.de,0
_cb,www.businessinsider.de,0
_chartbeat2,www.businessinsider.de,0
__a,.analytics.businessinsider.com,1
__tbc,.businessinsider.com,0
xbc,.businessinsider.com,0
_ga,.quirks.com,0
_ga,.psu.edu,0
gtm_session_first,coinmarketcap.com,0
gtm_session_last,coinmarketcap.com,0
_ga,.coinmarketcap.com,0
__atuvc,coinmarketcap.com,0
__atssc,coinmarketcap.com,0
__cfduid,.btc-echo.de,0
tk_or,.btc-echo.de,0
tk_lr,.btc-echo.de,0
_omappvp,www.btc-echo.de,0
gs_user_id,api.at.getsocial.io,0
_ga,.btc-echo.de,0
trc_cookie_storage,www.btc-echo.de,0
permanent,www.alternate.de,0
o4oui,.newsletter.alternate.de,0
_pk_ref.1.793d,www.alternate.de,0
sio_t,t.flix360.com,0
_ga,.alternate.de,0
_pk_id.1.793d,www.alternate.de,0
__cfduid,.cursetech.com,0
__cfduid,.cursecdn.com,0
unique_id,deviceidshare.twitch.tv,0
device_id,terraria.gamepedia.com,0
__cfduid,.curse.com,0
_ga,.terraria.gamepedia.com,0
__utma,.language-boutique.de,0
__utmz,.language-boutique.de,0
number_query_frequency,.linguee.com,0
sum_query_frequency,.linguee.com,0
numberQueriesAfterRelaunch,.linguee.com,0
cookie,.linguee.com,0
__utmz,.linguee.com,0
__utma,.linguee.com,0
number_query_frequency,.linguee.de,0
numberQueriesAfterRelaunch,.linguee.de,0
cookie,.linguee.de,0
__utmz,.linguee.de,0
__utma,.linguee.de,0
__cfduid,.futurism.com,0
amplitude_idfuturism.com,.futurism.com,0
__bid,.tinypass.com,0
__tbc,.futurism.com,0
xbc,.futurism.com,0
_ga,.futurism.com,0
__qca,.futurism.com,0
__smToken,futurism.com,0
mpt_vid,.bahn.de,0
AMCV_5FA50A5953FB37E50A4C98BC%40AdobeOrg,.bahn.de,0
et_uk,www.bahn.de,0
optimizelyEndUserId,.bahn.de,0
utag_main,.bahn.de,0
exactag_new_user,m.exactag.com,0
et_uk,reiseauskunft.bahn.de,0
__utma,.google.com,0
__utmz,.google.com,0
_ga,.theguardian.com,0
bwid,.theguardian.com,0
GU_TK,.theguardian.com,0
tfm_uid,www.focus.de,0
_pgipa,.focus.de,0
_lp4_u,.focus.de,0
permutive-session,.focus.de,0
_cb,www.focus.de,0
_chartbeat2,www.focus.de,0
_ga,.focus.de,0
_pdfps,.focus.de,0
_psegs,.focus.de,0
visitorId,.otto.de,0
BrowserId,.otto.de,0
devSpecs,.otto.de,0
mpt_vid,.otto.de,0
mpt_tracking_active_visitor_3202,.otto.de,0
mpt_tracking_active_visitor_3399,.otto.de,0
_ga,.sharelatex.com,0
__cfduid,.wireshark.org,0
_ga,.whatis.techtarget.com,0
_cb_ls,whatis.techtarget.com,0
_ga,.searchnetworking.techtarget.com,0
_cb_ls,searchnetworking.techtarget.com,0
_cb,searchnetworking.techtarget.com,0
_chartbeat2,searchnetworking.techtarget.com,0
borlabsCookie,.datenschutzfachmann.eu,0
_pk_ref.2.e9ce,itsc.fhws.de,0
_pk_id.2.e9ce,itsc.fhws.de,0
_ga,.darknet.org.uk,0
csrftoken,osqa-ask.wireshark.org,0
__utma,.osqa-ask.wireshark.org,0
__utmz,.osqa-ask.wireshark.org,0
_ga,.thebackroomtech.com,0
vglnk.Agent.p,links.services.disqus.com,0
vglnk.PartnerRfsh.p,links.services.disqus.com,0
IR_PI,.setapp.com,0
adtheorent[cuid],.adentifi.com,0
_ga,.setapp.com,0
_pk_ref.1.f00d,www.rtr.at,0
_pk_id.1.f00d,www.rtr.at,0
RMBTTermsV5,www.netztest.at,0
RMBTuuid,www.netztest.at,0
__cfduid,.alternativeto.net,0
__cfduid,.algolia.com,1
_ga,.alternativeto.net,0
BrowserCookie,www.safaribooksonline.com,0
_vwo_uuid_v2,.safaribooksonline.com,0
csrfsafari,.www.safaribooksonline.com,1
_ga,.safaribooksonline.com,0
kampyle_userid,www.safaribooksonline.com,0
kampyleUserSession,www.safaribooksonline.com,0
kampyleUserSessionsCount,www.safaribooksonline.com,0
kampyleSessionPageCounter,www.safaribooksonline.com,0
cd_user_id,.safaribooksonline.com,0
__utma,.seitenreport.de,0
__utmz,.seitenreport.de,0
zehnseitenCookiePolicy,www.zehnseiten.de,0
CC_0,.www.experts-exchange.com,1
_ga,.experts-exchange.com,0
_mkto_trk,.experts-exchange.com,0
ptc,.www.researchgate.net,1
_ga,.researchgate.net,0
_cc_domain,.crwdcntrl.net,0
__utma,.file-recovery.com,0
__utmz,.file-recovery.com,0
displayCookieNotice,www.thehexninja.com,0
phpbb3_7ybyg_can_u,.linuxmint.com,1
phpbb3_7ybyg_can_k,.linuxmint.com,1
phpbb3_7ybyg_can_sid,.linuxmint.com,1
cookiebanner-accepted,www.raspberrypi.org,0
__utma,.wiki.wireshark.org,0
__utmz,.wiki.wireshark.org,0
cvo_vtc,.sp1.convertro.com,0
cvo_vd8_1,.sp1.convertro.com,0
cvo_vmd,.convertro.com,0
__gacid,.w3schools.com,0
__vrz,.w3schools.com,0
__aac,.w3schools.com,0
end_user_id,.361250524.log.optimizely.com,0
pxro,.apple.com,0
CONSENT,.google.co.uk,0
NID,.google.co.uk,0
wt3_eid,.tk.de,1
cookies_accepted,.mindfactory.de,0
cookies_accepted,www.mindfactory.de,0
_ga,.mindfactory.de,0
_ga,.kismetwireless.net,0
__utma,.google.de,0
__utmz,.google.de,0
bb_lastvisit,.fedoraforum.org,1
bb_lastactivity,.fedoraforum.org,1
_ga,.fedoraforum.org,0
_ga,.www.computerbase.de,0
zehnseitenCookiePolicy,zehnseiten.de,0
wt3_eid,.toptarif.de,0
_ga,.toptarif.de,0
_ga,.it-processmaps.com,0
_pk_ref.3.4e75,www.fhws.de,0
cb-enabled,www.fhws.de,0
_pk_id.3.4e75,www.fhws.de,0
_ga,.zehnseiten.de,0
__cfduid,.bwin.com,0
__cfduid,.itsfogo.com,0
chatClientId,.bwin.com,0
__qca,.bwin.com,0
__ibxl,promo.bwin.com,0
_ga,.kino.de,0
trc_cookie_storage,www.kino.de,0
_tmid,.tubemogul.com,0
oaidts,rotumal.com,0
__cfduid,.bonus365.site,0
NID,.google.com,0
__utma,.elektronik-kompendium.de,0
__utmz,.elektronik-kompendium.de,0
_bit,.bit.ly,0
tuuid,ad.sara.media,0
tuuid_last_update,ad.sara.media,0
um,ad.sara.media,0
cto_lwid,.ebay-kleinanzeigen.de,0
s_fid,.adobe.com,0
s_vi,.adobe.com,0
AKAM_CLIENTID,.gearbest.com,0
s_vi,.bwin.com,0
_pk_id.265.5a5b,promo.bwin.com,0
_pk_id.265.cc76,.bwin.com,0
_ga,.promo.bwin.com,0
metricsUvId,.elvenar.com,0
remixlang,.vk.com,0
_ym_uid,.bs.to,0
_ym_d,.bs.to,0
AMCV_A71B5B5B54F607AB0A4C98A2%40AdobeOrg,.ebay.com,0
_ga,.ebay-kleinanzeigen.de,0
clientId,www.ebay-kleinanzeigen.de,0
up,www.ebay-kleinanzeigen.de,1
__cfduid,.solidstatedrivessale.club,0
__cfduid,.statcounter.com,0
is_visitor_unique,.statcounter.com,0
sc_is_visitor_unique,.solidstatedrivessale.club,0
ns1,.ebay.ie,0
nonsession,.ebay.ie,0
__cfduid,.quantummetric.com,0
bkdc,.bluekai.com,0
_ga,.bizon-tech.com,0
___cc,collector.roistat.com,0
___dc,bizon-tech.com,0
U,ebay-app.quantummetric.com,0
QuantumMetricUserID,.ebay.de,0
dp1,.ebay.ie,0
npii,.ebay.ie,0
HybrisCart,www.cyberport.de,0
cto_lwid,.cyberport.de,0
BVBRANDID,.cyberport.de,0
AMCV_3593694D579799AF7F000101%40AdobeOrg,.cyberport.de,0
wt_cdbeid,.wcfbc.net,0
BVID,.network-eu.bazaarvoice.com,0
_cs_c,.cyberport.de,0
xp,recommender.scarabresearch.com,0
scarab.profile,.cyberport.de,0
ruid,.rambler.ru,0
uuts,.rambler.ru,0
tuuid,s.sspqns.com,0
tuuid_last_update,s.sspqns.com,0
sat_track,www.cyberport.de,0
_sdsat_trackingOptIn,www.cyberport.de,0
trs,.cyberport.de,0
_ga,.cyberport.de,0
wt3_eid,.cyberport.de,0
uslk_e,www.cyberport.de,0
_cs_id,.cyberport.de,0
_sdsat_customerID_CH,www.cyberport.de,0
cdv,recommender.scarabresearch.com,0
scarab.visitor,.cyberport.de,0
aa_pv_pn,.cyberport.de,0
aa_pv_ph,.cyberport.de,0
OSID,takeout.google.com,1
_ga,.shanelynn.ie,0
bku,.addthis.com,0
__atuvc,everymac.com,0
__atssc,everymac.com,0
_ga,.everymac.com,0
dp1,.ebaydesc.com,0
nonsession,.ebaydesc.com,0
_ga,.netzwelt.de,0
btc,beacon.walmart.com,0
_trga,.pc-magazin.de,0
SSLB,.idealo.de,0
SSID,.idealo.de,0
__cfduid,.idealo.com,0
cto_lwid,.idealo.de,0
igodigitaltc2,.igodigital.com,0
SSRT,.idealo.de,0
SSPV,.idealo.de,0
icda,.idealo.de,0
ipcuid,.idealo.de,0
_ga,.idealo.de,0
_v__chartbeat3,www.heise.de,0
_ga,.macuser.de,0
_ga,.ifixit.com,0
__cfduid,.macworld.co.uk,0
__cfduid,.digitalartsonline.co.uk,0
__cfduid,.techadvisor.co.uk,0
__cfduid,.techadvisor.fr,0
ntv_as_opt_out,.macworld.co.uk,0
firstSessionDate,www.macworld.co.uk,0
currentSessionDate,www.macworld.co.uk,0
sessionNumber,www.macworld.co.uk,0
lastSessionDate,www.macworld.co.uk,0
_cb_ls,www.cnet.com,0
_cb,www.cnet.com,0
_chartbeat2,www.cnet.com,0
CBS_INTERNAL,.cnet.com,0
_s,.app.link,0
_v__chartbeat3,www.cnet.com,0
AMCV_10D31225525FF5790A490D4D%40AdobeOrg,.cnet.com,0
scribd_ubtc,.scribd.com,1
__CJ_nwt,.scribd.com,0
cto_lwid,.scribd.com,0
__utma,.scribd.com,0
__utmz,.scribd.com,0
__utmv,.scribd.com,0
G_ENABLED_IDPS,.www.scribd.com,0
trc_cookie_storage,www.cnet.com,0
s_lv_undefined,.cnet.com,0
utag_main,.cnet.com,0
muxData,www.cnet.com,0
_bti,.macworld.co.uk,0
_ga,.macworld.co.uk,0
_awl,.www.macworld.co.uk,0
ho_mob,apester.go2cloud.org,0
__cfduid,.siegfried-seibert.de,0
client_id,.bandcamp.com,0
__utma,.bandcamp.com,0
__utmz,.bandcamp.com,0
tos_dismissed,.bandcamp.com,0
__utma,.metal-archives.com,0
__utmz,.metal-archives.com,0
_ga,.virustotal.com,0
__cfduid,.darkwebnews.com,0
_ga,.spiegel.de,0
_parsely_visitor,.spiegel.de,0
__utma,.cs.waikato.ac.nz,0
__utmz,.cs.waikato.ac.nz,0
__cfduid,.computerworlduk.com,0
client_id,.forbes.com,0
notice_preferences,.forbes.com,0
notice_gdpr_prefs,.forbes.com,0
_ga,.forbes.com,0
koitk,.sharpspring.com,0
__ss_tk,www.expertsystem.com,0
_ga,.expertsystem.com,0
__hstc,.expertsystem.com,0
hubspotutk,.expertsystem.com,0
_pk_ref.2.9f8e,www.fwwiki.de,0
_pk_id.2.9f8e,www.fwwiki.de,0
__cfduid,.browser-update.org,0
__auc,.apfeltalk.de,0
_ga,.apfeltalk.de,0
usersettings,.bwin.com,1
_ym_uid,.vivo.sx,0
_ym_d,.vivo.sx,0
__cfduid,.gamescarousel.com,0
sppc_uuid,delivery.trafficforce.com,0
uid_id2,.remarketingpixel.com,0
gruid,.gamesrevenue.com,0
Ret,umekana.ru,0
uid_id2,datadbs.com,0
uvid,.ero-advertising.com,0
goals,.exoclick.com,0
ho_mob,trk.adtracker3.com,0
NetRefer_CookieUniTrack_C,ads.lapalingo.com,0
_cc_id,.crwdcntrl.net,0
_cc_cc,.crwdcntrl.net,0
_cc_aud,.crwdcntrl.net,0
__utma,.wireshark.org,0
__utmz,.wireshark.org,0
__io_r,www.pcwelt.de,0
__io_lv,www.pcwelt.de,0
__io_uid_test,www.pcwelt.de,0
__io,www.pcwelt.de,0
_io_un,.www.pcwelt.de,0
_io_un,.pcwelt.de,0
_io_un,www.pcwelt.de,0
_ga,.pcwelt.de,0
__cfduid,.parrotsec-es.org,1
kununu_op,.kununu.com,0
_vwo_uuid_v2,.kununu.com,0
_ga,.kununu.com,0
_ga,.fis-gmbh.de,0
_ga,.presseportal.de,0
_ga,.offensive-security.com,0
_pk_ref.12.0af0,www.pythonforbeginners.com,0
_pk_id.12.0af0,www.pythonforbeginners.com,0
_ga,.pythonforbeginners.com,0
_gu,www.pythonforbeginners.com,0
_gw,www.pythonforbeginners.com,0
yumerm,.yumenetworks.com,0
NetReferSPS,ads.lapalingo.com,0
btag,.www.lapalingo.com,0
data1,.www.lapalingo.com,0
s1,www.lapalingo.com,0
CEK,wlstoiximan.adsrv.eacdn.com,0
__cfduid,.betano.com,0
_landing,de.betano.com,1
__cfduid,.gambling-malta.com,1
cc-v4,.pargives-tertions.com,0
NetRefer_CookieUniTrack_C,ads.tipico-affiliates.com,0
NetReferSPS,ads.tipico-affiliates.com,0
uuidc,.mathtag.com,0
io_token_7c6a6574-f011-4c9a-abdd-9894a102ccef,mpsnare.iesnare.com,1
promoModalShown,www.tipico.de,0
OACCAP,rotumal.com,0
OACBLOCK,rotumal.com,0
OXCCLK,rotumal.com,0
OXPCLK,rotumal.com,0
allcnt,rotumal.com,0
OAID,rotumal.com,0
_OACCAP[1122512],rotumal.com,0
_OXCCLK[1122512],rotumal.com,0
_OXPCLK[24259],rotumal.com,0
OAID,pushno.com,0
__atuvc,vivo.sx,0
__uvt,.exdynsrv.com,0
aps03,www.bet365.com,0
_ym_uid,.bluestacks.com,0
_ym_d,.bluestacks.com,0
__cfduid,.pythoncentral.io,1
_ga,.pythoncentral.io,0
trc_cookie_storage,www.pythoncentral.io,0
PS,.de.ebayrtm.com,0
CGIC,.google.de,0
CGIC,.google.de,0
ID,my.rtmark.net,0
VISITOR_BEACON,h30434.www3.hp.com,0
LithiumVisitor,h30434.www3.hp.com,0
hapyak_did,d2qrdklrsxowl2.cloudfront.net,0
hpeuck_prefs,.hp.com,0
optimizelyEndUserId,.hp.com,0
s_fid,.hp.com,0
s_vi,.hp.com,0
__cfduid,.sktarkeys.tk,0
_pk_ref.1.4e75,www.fhws.de,0
_pk_id.1.4e75,www.fhws.de,0
__cfduid,.poets.org,1
_ga,.poets.org,0
WT_FPC,.dfg.de,0
WEBTRENDS_ID,sdc.dfg.de,0
__utma,.strftime.org,0
__utmz,.strftime.org,0
filter,help.eclipse.org,0
cookiesEnabled,help.eclipse.org,0
bblastvisit,.bytes.com,1
bblastactivity,.bytes.com,1
_ga,.bytes.com,0
wt_fa,.zeit.de,0
_ga,.zeit.de,0
G_ENABLED_IDPS,.www.pinterest.de,0
OSID,smartlock.google.com,1
_auth,www.pinterest.de,1
csrftoken,www.pinterest.de,1
_pinterest_sess,www.pinterest.de,1
__cfduid,.pythonforengineers.com,0
cm_sub,www.pinterest.de,0
__cfduid,.knightlab.com,0
_ga,.northwestern.edu,0
vid,teamtreehouse.com,1
notbot,teamtreehouse.com,1
__qca,.redditmedia.com,0
OptanonConsent,.link.springer.com,0
_ga,.springer.com,0
_ga,.deepl.com,0
_ga,.link.springer.com,0
_ga,.searchmobilecomputing.techtarget.com,0
_cb_ls,searchmobilecomputing.techtarget.com,0
_cb,searchmobilecomputing.techtarget.com,0
_chartbeat2,searchmobilecomputing.techtarget.com,0
__cfduid,.informationweek.com,0
__cfduid,.ubm-us.net,0
__cfduid,.ubmcanon.com,0
Insights,.techweb.com,0
__cfduid,.twimgs.com,0
__cfduid,.deusm.com,0
mboxPC,.ubm.tt.omtrdc.net,0
__cfduid,.feathr.co,0
_vis_opt_s,.informationweek.com,0
_vwo_uuid,.informationweek.com,0
__cfduid,.sisense.com,0
_vwo_uuid_v2,.sisense.com,0
_vis_opt_s,.sisense.com,0
_vwo_uuid,.sisense.com,0
__cfduid,.clickcease.com,0
linker_guid,.toutapp.com,0
_siMedium,.sisense.com,0
_siLp,.sisense.com,0
_ga,.sisense.com,0
taboola_mk,.taboola.com,0
_mkto_trk,.sisense.com,0
_gd_visitor,www.mobileiron.com,0
6suuid,.6sc.co,0
_gd_svisitor,www.mobileiron.com,0
OptanonAlertBoxClosed,.mobileiron.com,0
_ga,.ebf.de,0
BX,.oath.com,0
GUC,.oath.com,1
GUC,.yahoo.com,1
cmp,finance.yahoo.com,0
PRF,.finance.yahoo.com,0
optimizelyEndUserId,.brianmadden.com,0
tt_prereg,.brianmadden.com,1
_ga,.brianmadden.com,0
_cb_ls,www.brianmadden.com,0
_cb,www.brianmadden.com,0
_chartbeat2,www.brianmadden.com,0
_ga,.soti.net,0
__qca,.soti.net,0
visitor_id35942,.pardot.com,0
visitor_id35942-hash,.pardot.com,0
visitor_id35942,www.soti.net,0
visitor_id35942-hash,www.soti.net,0
visitor_id35942,www2.soti.net,0
visitor_id35942-hash,www2.soti.net,0
informationweek_lastvisit,www.informationweek.com,0
informationweek%5Fvisits,www.informationweek.com,0
AMCV_77FB1CFE532B22840A490D45%40AdobeOrg,.informationweek.com,0
f_id,.feathr.co,0
__cfduid,.ivanti.de,1
__cfduid,.ivanti.com,0
ai_user,www.ivanti.de,1
optiMonkClient,www.ivanti.de,0
__aza_perm,.azalead.com,0
_ga,.ivanti.de,0
_pk_ref.2425.5d37,www.ivanti.de,0
_pk_id.2425.5d37,www.ivanti.de,0
lc_sso1082968,.ivanti.de,0
_mkto_trk,.www.ivanti.de,0
__lc.visitor_id.1082968,.ivanti.de,0
trackalyzer,.tl813.com,0
CDSDevice,www.ivanti.de,0
CDSSession,www.ivanti.de,0
__livechat_lastvisit,.livechatinc.com,0
__livechat,.livechatinc.com,0
_ga,.techradar.com,0
EuConsent,www.techradar.com,0
cmp,www.techradar.com,0
_omappvp,www.techradar.com,0
cpSess,.cpx.to,0
trc_cookie_storage,www.techradar.com,0
__cfduid,.justuno.com,0
opEueMonUID,.gartner.com,0
euconsent,www.computerwoche.de,0
pubconsent,www.computerwoche.de,0
_ga,.computerwoche.de,0
_awl,.www.computerwoche.de,0
_vwo_uuid_v2,.informationweek.com,0
mbox,.informationweek.com,0
__utma,.informationweek.com,0
__utmz,.informationweek.com,0
__cfduid,.g2crowd.com,0
fs_mixpanel,.g2crowd.com,0
cfid,www.ip-insider.de,0
cftoken,www.ip-insider.de,0
msm_flower,www.ip-insider.de,0
NEWSLETTERAD_COUNTER,www.ip-insider.de,0
NEWSLETTERAD_LASTVISIT,www.ip-insider.de,0
_ga,.ip-insider.de,0
_gu,www.ip-insider.de,0
_gw,www.ip-insider.de,0
rxVisitor,.ip-insider.de,0
nachtfalkebiz_lastvisit,www.nachtfalke.biz,1
nachtfalkebiz_lastactivity,www.nachtfalke.biz,1
_ga,.nachtfalke.biz,0
firstSessionDate,www.computerworld.com,0
currentSessionDate,www.computerworld.com,0
sessionNumber,www.computerworld.com,0
lastSessionDate,www.computerworld.com,0
rmuid,.linksynergy.com,0
sailthru_content,www.computerworld.com,0
sailthru_visitor,www.computerworld.com,0
euconsent,www.computerworld.com,0
pubconsent,www.computerworld.com,0
_awl,.www.computerworld.com,0
_ga,.computerworld.com,0
xn_visitor,.cisoplatform.com,0
__cfduid,.privy.com,1
_privy_a,.cisoplatform.com,0
dci,t.insigit.com,0
dci_storage,t.insigit.com,0
_privy_4C3483BC39040B92641AA316,.cisoplatform.com,0
ssid,.linkwithin.com,0
__cfduid,.lwstatic3.linkwithin.com,0
_ga,.cisoplatform.com,0
__unam,.cisoplatform.com,0
_ga,.techtarget.com,0
_ga,.searchsecurity.techtarget.com,0
_cb_ls,searchsecurity.techtarget.com,0
_cb,searchsecurity.techtarget.com,0
_chartbeat2,searchsecurity.techtarget.com,0
zdcse_source,www.pcmag.com,0
_ga,.pcmag.com,0
__mauuid,.crn.com,0
__mauuid,.www.crn.com,0
__mauuid,www.crn.com,0
_cb_ls,www.crn.com,0
s_fid,.crn.com,0
s_lv,.crn.com,0
_ga,.crn.com,0
s_vi,.thechannelcompany.d1.sc.omtrdc.net,0
_cb,www.crn.com,0
_chartbeat2,www.crn.com,0
__utma,.solutionsreview.com,0
__utmz,.solutionsreview.com,0
_ga,.solutionsreview.com,0
__cfduid,.hsforms.net,0
__cfduid,.hubapi.com,0
auth,.myunidays.com,1
ajs_anonymous_id,.myunidays.com,0
ajs_group_id,.myunidays.com,0
UD.TID,.myunidays.com,1
_ga,.myunidays.com,0
ajs_user_id,.myunidays.com,0
as_rec,.apple.com,0
as_disa,.apple.com,1
as_cn,.apple.com,0
rtsid,.apple.com,0
enforce_policy,.paypal.com,1
login_email,.paypal.com,1
ui_experience,.paypal.com,1
KHcl0EuY7AKSMgfvHl7J5E7hPtK,.paypal.com,1
rmuc,.paypal.com,1
X-PP-ADS,.paypal.com,1
ectoken,www.paypal.com,0
_ga,.paypal.com,0
ts,.paypal.com,0
optimizelySegments,.apple.com,0
optimizelyBuckets,.apple.com,0
_pk_ref.1.661d,www.cdx.de,0
_pk_id.1.661d,www.cdx.de,0
ali_apache_id,.aliexpress.com,0
xman_f,.aliexpress.com,0
__cfduid,.cdntrf.com,0
__utma,.mactechnews.de,0
__utmz,.mactechnews.de,0
xman_us_f,.aliexpress.com,0
intl_common_forever,.aliexpress.com,0
_uab_collina,de.aliexpress.com,0
aep_history,.aliexpress.com,0
uid,ynuf.alipay.com,0
cna,.mmstat.com,0
cna,.aliexpress.com,0
aep_usuc_f,.aliexpress.com,0
umdata_,.ynuf.alipay.com,1
_umdata,de.aliexpress.com,0
ali_apache_track,.aliexpress.com,0
isg,.aliexpress.com,0
ba_site_notice,.evidon.com,0
ba_opt_out,.evidon.com,0
zdoo,.zdbb.net,0
BKIgnore,.bluekai.com,0
oo,.rfihub.com,0
rud,.rfihub.com,0
OPT_OUT,.imrworldwide.com,0
_evidon_consent_cookie,.speedtest.net,0
zdconsent,.speedtest.net,0
euconsent,.speedtest.net,0
_ga,.processing.org,0
_pk_id.6.35cd,.hs-offenburg.de,0
_pk_ref.1.35cd,.hs-offenburg.de,0
_ga,.gruender-welt.com,0
_ga,.dieperfekteprojektdokumentation.de,0
__utma,.kb.mit.edu,0
__utmz,.kb.mit.edu,0
__cfduid,.tcl.tk,0
__cfduid,.geocities.ws,0
__cfduid,.gumroad.com,0
__utma,.blog.pythonlibrary.org,0
__utmz,.blog.pythonlibrary.org,0
_gumroad_guid,gumroad.com,1
_ga,.gumroad.com,0
__stripe_mid,.gumroad.com,0
wikia_beacon_id,.wikia.com,0
euconsent,.wikia.com,0
beacon,beacon.wikia-services.com,0
_ga,.wikia.com,0
_ga,.picarto.tv,0
__cfduid,.summertimesaga.com,1
phpbb3_ltx_u,.latex.org,0
phpbb3_ltx_k,.latex.org,0
phpbb3_ltx_sid,.latex.org,0
phpbb2mysql_data,golatex.de,1
__cfduid,.doi.org,0
liveagent_vc,www.vmware.com,0
OptanonConsent,.mobileiron.com,0
D41ID,.d41.co,1
_ga,.mobileiron.com,0
_mkto_trk,.mobileiron.com,0
ajs_user_id,.bitbucket.org,0
ajs_group_id,.bitbucket.org,0
_ga,.bitbucket.org,0
__utma,.pyvideo.org,0
__utmz,.pyvideo.org,0
_pk_ref.1.c234,www.linux-tips-and-tricks.de,0
_pk_id.1.c234,www.linux-tips-and-tricks.de,0
_pk_ref.1.4037,avm.de,0
_pk_id.1.4037,avm.de,0
__cfduid,.programtalk.com,1
ezCMPCCS,.programtalk.com,0
ezds,programtalk.com,0
ezohw,programtalk.com,0
_ga,.programtalk.com,0
ezCMPCookieConsent,.programtalk.com,0
euconsent,programtalk.com,0
__utma,.programtalk.com,0
__utmz,.programtalk.com,0
__cfduid,.10minutemail.net,0
__atssc,10minutemail.net,0
svSession,.www.cryptonomynow.com,0
lang,10minutemail.net,0
__atuvc,10minutemail.net,0
_ga,.10minutemail.net,0
_ga,.kali.org,0
bb_lastvisit,forums.kali.org,1
bb_lastactivity,forums.kali.org,1
GDPRConsentDate,.wonderhowto.com,1
GDPRConsentDate,.gadgethacks.com,1
GDPRConsentDate,.reality.news,1
_ga,.wonderhowto.com,0
__ssuzjsr2,.wonderhowto.com,0
__uzmaj2,.wonderhowto.com,0
__uzmbj2,.wonderhowto.com,0
__uzmcj2,.wonderhowto.com,0
__uzmdj2,.wonderhowto.com,0
__uzmc,.servebom.com,0
__uzmd,.servebom.com,0
u,.servebom.com,0
ud,.servebom.com,0
_ga,.stewright.me,0
NOIP_BID,www.noip.com,0
__cfduid,.bugmuncher.com,0
_ceg.s,.noip.com,0
_ceg.u,.noip.com,0
NOIP_BID,my.noip.com,0
km_ai,.noip.com,0
_ga,.computerhilfen.de,0
__utma,.computerhilfen.de,0
__utmz,.computerhilfen.de,0
_ga,.portchecktool.com,0
__cfduid,.a2hosting.com,0
exp_last_visit,www.a2hosting.com,0
gdId,www.glassdoor.com,0
trs,www.glassdoor.com,0
ARPNTS,www.glassdoor.com,0
location,.a2hosting.com,0
domain_default_lang,.a2hosting.com,0
language_from_browser,.a2hosting.com,0
PAPVisitorId,.a2hosting.com,0
PAPVisitorId,www.a2hosting.com,0
phone,.a2hosting.com,0
_ga,.a2hosting.com,0
payment_images,.a2hosting.com,0
exp_last_activity,www.a2hosting.com,0
offer_localization,.a2hosting.com,0
__cfduid,.newsharecounts.com,0
_ga,.opensource.com,0
mbox,.opensource.com,0
WRUID,.opensource.com,0
__utma,.opensource.com,0
__utmz,.opensource.com,0
__CT_Data,.opensource.com,0
AMCV_945D02BE532957400A490D4C%40AdobeOrg,opensource.com,0
_ga,.lmgsecurity.com,0
__unam,.lmgsecurity.com,0
__utma,.lmgsecurity.com,0
__utmz,.lmgsecurity.com,0
json,www.entitytag.co.uk,0
liveagent_vc,manage.realvnc.com,0
liveagent_vc,www.realvnc.com,0
_vwo_uuid_v2,.realvnc.com,0
_ga,.realvnc.com,0
__hstc,.realvnc.com,0
hubspotutk,.realvnc.com,0
_ga,.manage.realvnc.com,0
_ga,.dephace.com,0
phpbb3_5qbzr_u,.arstechnica.com,1
phpbb3_5qbzr_k,.arstechnica.com,1
phpbb3_5qbzr_sid,.arstechnica.com,1
AdbBlocked,arstechnica.com,0
DST,.demdex.net,0
aamconde,.arstechnica.com,0
AMCV_F7093025512D2B690A490D44%40AdobeOrg,arstechnica.com,0
_ga,.arstechnica.com,0
condenast,.condenast.demdex.net,0
__utmz,.golinuxhub.com,0
__utma,.golinuxhub.com,0
_ga,.kushellig.de,0
km_lv,.noip.com,0
_ga,.superuser.com,0
_ga,.howtogeek.com,0
_ga,.askubuntu.com,0
__cfduid,.codepen.io,0
__cfduid,.scotch.io,1
_ga,.scotch.io,0
m-lat,.quora.com,1
_ga,.serverfault.com,0
codeasitellc-_zldp,.blog.codeasite.com,0
__cfduid,.whatismyipaddress.com,0
__cfduid,.whatismyipaddress.info,0
__cfduid,.shodan.io,1
_ga,.websitedimensions.com,0
_ga,.alphacoders.com,0
ahoy_visitor,codepen.io,0
ahoy_visitor,s.codepen.io,0
lastvisitinfo,.webmasterworld.com,0
TMog,.lifewire.com,0
_ga,.lifewire.com,0
initial_referrer,www.codecademy.com,1
initial_referring_domain,www.codecademy.com,1
ajs_anonymous_id,.codecademy.com,0
reddaid,.reddit.com,0
__utma,.doctype.com,0
__utmz,.doctype.com,0
_gauges_unique_year,doctype.com,0
_gauges_unique,doctype.com,0
visid_incap_877543,.iplocation.net,0
__cfduid,.tynt.com,0
uid,.tynt.com,0
brwsr,.evyy.net,0
_ga,.iplocation.net,0
__atssc,whatismyipaddress.com,0
__atuvc,whatismyipaddress.com,0
_ga,.whatismyipaddress.com,0
__utma,.whatismyipaddress.com,0
__utmz,.whatismyipaddress.com,0
_omappvp,whatismyipaddress.com,0
_ga,.ipify.org,0
__cfduid,.internetdefenseleague.org,0
__utma,.wordpress.com,0
__utmz,.wordpress.com,0
_ga,.taubertal-festival.de,0
__cfduid,.karo-tickets.de,1
_ga,.karo-tickets.de,0
__unam,.taubertal-festival.de,0
npii,.ebay.com,0
dp1,.ebay.com,0
nonsession,.ebay.com,0
dp1,.ebaystatic.com,0
AMCV_A71B5B5B54F607AB0A4C98A2%40AdobeOrg,.ebay.de,0
lucky9,.ebay.de,0
npii,.ebay.de,0
c,.stats.paypal.com,0
ns1,.ebay.de,0
dp1,.ebay.de,0
nonsession,.ebay.de,0
utag_dslv,.logmein.com,0
s_vi,.omtrdc.net,0
_ga,.help.logmein.com,0
AMCV_16323DDB5A5732970A495D95%40AdobeOrg,.logmein.com,0
utag_main,.logmein.com,0
_abck,.logme.in,0
__utma,.accounts.logme.in,0
__utmz,.accounts.logme.in,0
lang,.lastpass.com,1
_ga,.lastpass.com,0
__cid,.accounts.logme.in,0
lang,.logmein.com,1
lang5,.logmein.com,1
LMIorigin,.logmein.com,1
ajs_user_id,.logmein.com,0
ajs_group_id,.logmein.com,0
ai_user,secure.logmein.com,1
amplitude_id_117da4d3cc12df744277a84402198908logmein.com,.logmein.com,0
_ga,.logmein.com,0
__CT_Data,.logmein.com,0
__utma,.secure.logmein.com,0
__utmz,.secure.logmein.com,0
__utmv,.secure.logmein.com,0
bc-visitor-id,.boldchat.com,0
_bcvm_vrid_2768061565324984530,.logmein.com,0
_cb,www.computerbild.de,0
_chartbeat2,www.computerbild.de,0
__utma,.computerbild.de,0
__utmz,.computerbild.de,0
TVT,.tealiumiq.com,0
utag_main,.computerbild.de,0
__cfduid,.buffer.com,0
gdpr_status,.media.net,0
__utma,.techenvy.com,0
__utmz,.techenvy.com,0
_pk_ref.23.8077,.tutorials-raspberrypi.de,0
_pk_id.23.8077,.tutorials-raspberrypi.de,0
_ga,.tutorials-raspberrypi.de,0
bsc,adscpm.site,0
s_lastvisit,.chip.de,0
_pgipa,.chip.de,0
__cfduid,.raspberrypi.org,1
_ga,.raspberrypi.org,0
__utma,.raspberrypi.org,0
__utmz,.raspberrypi.org,0
__cfduid,.etcher.io,0
mp_0b4c23e0072d8dee7cf8ac7ab7c4a216_mixpanel,.etcher.io,0
_ga,.etcher.io,0
gs_u_GSN-954701-N,etcher.io,0
gs_v_GSN-954701-N,etcher.io,0
_ga,.giga.de,0
trc_cookie_storage,www.giga.de,0
__etn,.exposebox.com,0
axd,www.giga.de,0
ibbid,.ibillboard.com,0
tuuid,rtb.4finance.com,0
tuuid_last_update,rtb.4finance.com,0
bsw_uid,rtb.4finance.com,0
zuid,.zemanta.com,0
_ga,.gutefrage.net,0
axd,www.gutefrage.net,0
consentUUID,sourcepoint.mgr.consensu.org,0
consentUUID,www.gutefrage.net,0
euconsent,www.gutefrage.net,0
_ga,.medium.com,0
parsely_network_uuid,.config.parsely.com,0
_parsely_visitor,.medium.com,0
_ga,.pypi.org,0
Conversion,www.googleadservices.com,0
optimizelyEndUserId,.alteryx.com,0
as_uid,.pages.alteryx.com,0
_mkto_trk,.alteryx.com,0
optimizelyEndUserId,.gartner.com,0
optimizelyBuckets,.gartner.com,0
optimizelySegments,.gartner.com,0
ATRK_a,.gartner.com,0
_ga,.com-magazin.de,0
_gu,www.com-magazin.de,0
cookieconsent_status,www.com-magazin.de,0
_gw,www.com-magazin.de,0
_ga,.procreate.art,0
dekisession,.help.matrix42.com,1
_ga,.help.matrix42.com,0
gaGuid,.sophos.com,0
dekisession,.help.matrix42.de,1
_ga,.help.matrix42.de,0
__cfduid,.homeschoolmath.net,1
_ga,.homeschoolmath.net,0
vis,.istockphoto.com,0
uac,.istockphoto.com,0
giu,.istockphoto.com,0
csrf,.istockphoto.com,0
s_pers,.istockphoto.com,0
cto_lwid,.istockphoto.com,0
_ga,.istockphoto.com,0
_ym_uid,.istockphoto.com,0
_ym_d,.istockphoto.com,0
guid,.steelhousemedia.com,0
tt,.px.steelhousemedia.com,0
sp,.www.istockphoto.com,0
__CG,.istockphoto.com,0
_ga,.firstforwomen.com,0
optimizelyEndUserId,.firstforwomen.com,0
__cfduid,.sciencealert.com,1
__cfduid,.rbl.ms,0
__cfduid,.paperlief.com,0
__cfduid,.weddbook.com,0
__auc,.dunyanews.tv,0
__atuvc,dunyanews.tv,0
__atssc,dunyanews.tv,0
_ga,.dunyanews.tv,0
__unam,.face2faceafrica.com,0
_ga,.face2faceafrica.com,0
trc_cookie_storage,face2faceafrica.com,0
DigiTrust.v1.identity,.digitru.st,0
U,.storygize.net,0
remember_user_token,www.codecademy.com,1
ajs_user_id,.codecademy.com,0
ajs_group_id,.codecademy.com,0
_ga,.codecademy.com,0
ki_t,www.codecademy.com,0
ki_r,www.codecademy.com,0
locale,www.codecademy.com,1
BT_pdc,www.wvv.de,0
_et_coid,.wvv.de,0
OptanonConsent,.teamtreehouse.com,0
__cfduid,.jquery.com,0
__utma,.jquery.com,0
__utmz,.jquery.com,0
_ga,.css-tricks.com,0
_ga,.color-hex.com,0
UPAUCART,.upgradeable.com.au,0
__kla_id,www.upgradeable.com.au,0
__cfduid,.luckyorange.net,0
__lotr,.upgradeable.com.au,0
_ga,.upgradeable.com.au,0
cl19667y4rve3a_uid,.upgradeable.com.au,0
cl19667y4rve3a_sid,.upgradeable.com.au,0
_lo_uid,.upgradeable.com.au,0
_lo_v,.upgradeable.com.au,0
__lotl,.upgradeable.com.au,0
_ga,.g2crowd.com,0
__atuvc,www.g2crowd.com,0
__atssc,www.g2crowd.com,0
mp_6b2f1bd84e9deef411802c5b0b2536df_mixpanel,.g2crowd.com,0
SID,.google.com,0
LSID,accounts.google.com,1
HSID,.google.com,0
SSID,.google.com,1
APISID,.google.com,0
SAPISID,.google.com,1
ACCOUNT_CHOOSER,accounts.google.com,1
OSID,myaccount.google.com,1
SID,.youtube.com,0
HSID,.youtube.com,0
SSID,.youtube.com,1
APISID,.youtube.com,0
SAPISID,.youtube.com,1
SID,.google.de,0
HSID,.google.de,0
SSID,.google.de,1
APISID,.google.de,0
SAPISID,.google.de,1
__utma,.myaccount.google.com,0
__utmz,.myaccount.google.com,0
OSID,notifications.google.com,1
xp_ci,.apple.com,1
xp_aci,.xp.apple.com,1
xp_ab,.apple.com,1
xp_abc,.apple.com,1
tuuid,.company-target.com,0
tuuid_last_update,.company-target.com,0
fs_uid,.g2crowd.com,0
_ga,.neo42.de,0
_mkto_trk,.matrix42.com,0
_ga,.matrix42.com,0
__cfduid,.www.expertenderit.de,0
__cfduid,.hsforms.com,0
_ga,.expertenderit.de,0
__hstc,.expertenderit.de,0
hubspotutk,.expertenderit.de,0
__atuvc,abettersolution.biz,0
__atssc,abettersolution.biz,0
_sdsat_session_count,docs.citrix.com,0
insight_session,.citrix.com,0
_evidon_consent_cookie,.citrix.com,0
tmpPersistentuserId,www.faz.net,0
faz_gdpr_consent_status,.faz.net,0
_cb_ls,www.faz.net,0
_vwo_uuid_v2,.faz.net,0
_vis_opt_s,.faz.net,0
_vwo_uuid,.faz.net,0
_vis_opt_exp_95_combi,.faz.net,0
_ga,.abo.faz.net,0
atidvisitor,abo.faz.net,0
_cb,www.faz.net,0
_chartbeat2,www.faz.net,0
atidvisitor,.faz.net,0
_ga,.faz.net,0
_sdsat_session_count,support.citrix.com,0
UTMClientID,.citrix.de,0
_sdsat_session_count,discussions.citrix.com,0
_sdsat_lt_pages_viewed,discussions.citrix.com,0
_sdsat_lt_pages_viewed,support.citrix.com,0
_ga,.support.citrix.com,0
_sdsat_lt_pages_viewed,docs.citrix.com,0
UTMSessionCount,.citrix.com,0
_ga,.citrix.com,0
UTMReferralSources,.citrix.com,0
__cfduid,.pingdom.net,0
_ga,.buchbinderei-zimmer.de,0
Conversion,www.googleadservices.com,0
cb-enabled,www.buchbinderei-clausen.de,0
__utma,.buchbinderei-clausen.de,0
__utmz,.buchbinderei-clausen.de,0
_gac_UA-3417302-17,.buchbinderei-clausen.de,0
__cfduid,.11880.com,0
_ga,.11880.com,0
_ga,.oberpfalzjobs.de,0
_ga,.ausbildung.de,0
_pk_ref.167.78f8,www.ausbildungsstellen.de,0
_pk_id.167.78f8,www.ausbildungsstellen.de,0
datr,.facebook.com,1
sb,.facebook.com,1
pl,.facebook.com,1
language,www.fupa.net,0
last_site_id,www.fupa.net,0
last_kreis_id,www.fupa.net,0
_ga,.fupa.net,0
atidvisitor,.apotheken-umschau.de,0
_cb_ls,www.srf.ch,0
31371,opt.q-divisioncdn.de,0
opt_keys,opt.q-divisioncdn.de,0
wt_rla,.srf.ch,0
uuid,.q-sis.de,0
sg_random_sample,.srf.ch,0
i00,.wemfbox.ch,0
wteid_292330999892453,srgssr01.wt-eu02.net,0
_cb,www.srf.ch,0
_chartbeat2,www.srf.ch,0
axd,retrack.q-divisioncdn.de,0
_sg_b_v,www.srf.ch,0
_ga,.med1.de,0
_ga,.dropbox.com,0
lid,.www.dropbox.com,1
blid,.dropbox.com,1
__Host-ss,www.dropbox.com,1
jar,.www.dropbox.com,1
t,.dropbox.com,1
__Host-js_csrf,www.dropbox.com,1
bjar,.dropbox.com,1
pll_language,www.miradore.com,0
__cfduid,.zopim.com,0
__zlcmid,.miradore.com,0
_ga,.miradore.com,0
_hjClosedSurveyInvites,www.miradore.com,0
MSFPC,www.microsoft.com,0
MMCOOKIE,.mm.markandmini.com,0
everest_g_v2,.everesttech.net,0
D_DUID,.distiltag.com,0
AMCV_EA76ADE95776D2EC7F000101%40AdobeOrg,.microsoft.com,0
_mkto_trk,.microsoft.com,0
ESTSAUTHPERSISTENT,.login.microsoftonline.com,1
CountryCodeME,www.manageengine.com,0
CountryNameME,www.manageengine.com,0
_ga,.simplysecure.org,0
vuid,.vimeo.com,0
_ga,.capterra.com,0
__qca,.beachheadsolutions.com,0
memarketing-_zldp,.manageengine.com,0
__atuvc,www.beachheadsolutions.com,0
__atssc,www.beachheadsolutions.com,0
__utma,.beachheadsolutions.com,0
__utmz,.beachheadsolutions.com,0
_vis_opt_s,.sophos.com,0
lc_sso2462101,.sophos.com,0
__lc_cid,.accounts.livechatinc.com,1
__lc_cst,.accounts.livechatinc.com,1
__lc_mcid,.accounts.livechatinc.com,1
__lc_mcst,.accounts.livechatinc.com,1
nmstat,.secure2.sophos.com,0
nmstat,.www.sophos.com,0
__livechat_lastvisit,.livechatinc.com,0
__livechat,.livechatinc.com,0
_ga,.jamf.com,0
ajs_user_id,.jamf.com,0
ajs_anonymous_id,.jamf.com,0
__cfduid,.microtool.de,0
tk_or,.macobserver.com,0
tk_lr,.macobserver.com,0
MintUnique,.mint.macobserver.com,0
MintUniqueLocation,.mint.macobserver.com,0
_ga,.macobserver.com,0
__qca,.macobserver.com,0
_ga,.forums.macrumors.com,0
_gaTest,.macrumors.com,0
KRTBCOOKIE_153,.pubmatic.com,0
__qca,.macrumors.com,0
_ga,.jonsview.com,0
showFirefoxResetSurvey,support.mozilla.org,0
__gads,.stackexchange.com,0
__gads,.stackoverflow.com,0
__cfduid,.pydata.org,0
__cfduid,.chrisalbon.com,0
_ga,.chrisalbon.com,0
dsp_id,.netmng.com,0
mmapi.store.p.0,.packtpub.com,0
_hp2_id.34805961,.packtpub.com,0
__cfduid,.pushcrew.com,0
_gu,www.packtpub.com,0
_gw,www.packtpub.com,0
__hstc,.packtpub.com,0
hubspotutk,.packtpub.com,0
wingify_donot_track_actions,www.packtpub.com,0
_ga,.packtpub.com,0
cookie_email,www.noip.com,0
_ga,.noip.com,0
_ga,.my.noip.com,0
_ceg.s,.my.noip.com,0
_ceg.u,.my.noip.com,0
uid,.simpli.fi,0
device_id,nomanssky.gamepedia.com,0
__gads,.gamepedia.com,0
u,.jsrdn.com,0
euconsent,.gamepedia.com,0
unique_id,.twitch.tv,1
api_token,.twitch.tv,1
_ga,.gamepedia.com,0
_ga,.nomanssky.gamepedia.com,0
ljtrtbexp,.lijit.com,0
KADUSERCOOKIE,.pubmatic.com,0
tuuid,.bidswitch.net,0
tuuid_lu,.bidswitch.net,0
recentlyVisitedAppHubs,steamcommunity.com,0
timezoneOffset,steamcommunity.com,0
_ga,.steamcommunity.com,0
__gads,.songtexte.com,0
flashtalkingad1,.flashtalking.com,0
fc4,ad3.adfarm1.adition.com,0
ut,.nuggad.net,0
_D9J,.flashtalking.com,0
Conversion,www.googleadservices.com,0
_uid,.fwmrm.net,0
ci,.nuggad.net,0
tuuid,ads.programattik.com,0
tuuid_lu,ads.programattik.com,0
cache0,cm.adsafety.net,0
permanent,cm.adsafety.net,0
UID,cm.adsafety.net,0
cm_uid,.adsafety.net,0
utag_main,.songtexte.com,0
axd,www.songtexte.com,0
DTU,pro7sat1.media01.eu,0
__utma,.songtexte.com,0
__utmz,.songtexte.com,0
tuuid,.254a.com,0
tuuid_last_update,.254a.com,0
SoiRogator,www.songtexte.com,0
__gads,.speedtest.net,0
stnetsid,.speedtest.net,0
_ga,.speedtest.net,0
_ga,.download-time.com,0
c,.df-srv.de,0
ope_uid,.tagger.opecloud.com,1
__utmz,.wieistmeineip.at,0
__utma,.wieistmeineip.at,0
__gads,.wieistmeineip.at,0
DPSync2,.pubmatic.com,0
SyncRTB2,.pubmatic.com,0
user_id,.upravel.com,0
gwsi,.widespace.com,0
KRTBCOOKIE_107,.pubmatic.com,0
tuuid,.mfadsrvr.com,0
tuuid_last_update,.mfadsrvr.com,0
bsw_uid,.mfadsrvr.com,0
hotbeacon,.cumulus-cloud.com,0
na_tc,.nexac.com,0
na_id,.nexac.com,0
_tracker,.travelaudience.com,0
AA003,.atdmt.com,0
ABtest_funnel,www.centerparcs.de,0
TACds,.tripadvisor.com,0
TAUnique,.tripadvisor.com,0
__qca,.centerparcs.de,0
DT,sizmek.okta.com,1
tk_ui_third,.adventori.com,0
pvcp_product_navigation,www.centerparcs.de,0
__trossion,.centerparcs.de,0
__troRUID,.centerparcs.de,0
FUID,.mmtro.com,0
techcookie,.sddan.com,0
SDDAN,.sddan.com,0
cto_lwid,.centerparcs.de,0
__utma,.centerparcs.de,0
_ga,.centerparcs.de,0
TapAd_TTD_SYNC,.tapad.com,0
tk_ui,.adventori.com,0
adv_ui,www.centerparcs.de,0
pxrc,.pippio.com,0
ABTasty,.centerparcs.de,0
ts_millemercis,.adotmob.com,0
RUID,.mmtro.com,0
_cs_c,.centerparcs.de,0
_cs_id,.centerparcs.de,0
vngage.lkvt,www.centerparcs.de,0
sidebar_collapsed,gitlab.com,0
__cfduid,.truecaller.com,0
_ga,.truecaller.com,0
_ga,.twilio.com,0
__utmx,.twilio.com,0
__utmxx,.twilio.com,0
mp_f71c19735fa6ecc5225ff563285e1794_mixpanel,.twilio.com,0
pa_mrin_ts,.prfct.co,0
pa_twitter_ts,.prfct.co,0
pa_rubicon_ts,.prfct.co,0
pa_openx_ts,.prfct.co,0
__qca,.twilio.com,0
pa_google_ts,.prfct.co,0
pa_yahoo_ts,.prfct.co,0
ki_t,www.twilio.com,0
ki_r,www.twilio.com,0
_hp2_id.1541905715,.twilio.com,0
tuuid_lu,.creative-serving.com,0
__gads,.telefonspam.info,0
_ga,.telefonspam.info,0
__cfduid,.restcountries.eu,0
_ga,.numverify.com,0
audit,pixel.rubiconproject.com,0
phplive_vid,pl.uwtcallback.com,0
_ga,.globalcallforwarding.com,0
audience,.spotxchange.com,0
_ga,.strongqa.com,0
__cfduid,.gameis.us,0
__utma,.pandas.pydata.org,0
__utmz,.pandas.pydata.org,0
__utma,.cmdlinetips.com,0
__utmz,.cmdlinetips.com,0
__atuvc,cmdlinetips.com,0
__atssc,cmdlinetips.com,0
__stripe_mid,.checkout.stripe.com,0
ab_disable_remember_me,checkout.stripe.com,0
checkout-live-session,checkout.stripe.com,1
m,.m.stripe.com,1
_ga,.neutrinoapi.com,0
id,.mookie1.com,0
mdata,.mookie1.com,0
_ga,.aggdata.com,0
__cfduid,.tawk.link,0
tawkUUID,va.tawk.to,1
__tawkuuid,.aggdata.com,0
__cfduid,.digitalocean.com,0
first_landing_page,.digitalocean.com,1
referrer,.digitalocean.com,1
_community_session,www.digitalocean.com,0
ajs_user_id,.digitalocean.com,0
ajs_group_id,.digitalocean.com,0
ajs_anonymous_id,.digitalocean.com,0
cookieconsent_status,.digitalocean.com,0
_ga,.digitalocean.com,0
__utma,.tutorialspoint.com,0
__utmz,.tutorialspoint.com,0
cicouid,.basebanner.com,0
_tracker,ads.travelaudience.com,0
_tt_travelaudience,.travelaudience.com,0
_ga,.phpmyadmin.net,0
YALSTSESSION,www.webhostone.de,0
_pk_ref.1.e9ca,www.webhostone.de,0
_pk_id.1.e9ca,www.webhostone.de,0
d,.nuggad.net,0
__gads,.chip.de,0
unruly_u,.unrulymedia.com,0
uid,.unrulymedia.com,0
__cfduid,.connectad.io,0
__gads,.w3schools.com,0
tuuid,.myvisualiq.net,0
tuuid_last_update,.myvisualiq.net,0
idb,.impdesk.com,0
auid,.acuityplatform.com,0
ra1_pd,.gwallet.com,0
rubicon_sync,.adhigh.net,0
cu,.ipredictive.com,0
OX_u,.justpremium.com,0
pid,.smartadserver.com,0
pdomid,.smartadserver.com,0
RUN_ID,match.rundsp.com,0
uid-bp-617,ads.stickyadstv.com,0
tr_id,.vtracy.de,0
tr_dt,.vtracy.de,0
uid,.1dmp.io,0
uid-bp-159,ads.stickyadstv.com,0
uid-bp-45,ads.stickyadstv.com,0
opt_out,.postrelease.com,0
uid-bp-892,ads.stickyadstv.com,0
TapAd_TS,.tapad.com,0
TapAd_DID,.tapad.com,0
uid-bp-951,ads.stickyadstv.com,0
uid-bp-529,ads.stickyadstv.com,0
bsw_sync,.adhigh.net,0
am-uid,.admixer.net,0
IQver,.intentiq.com,0
mxpim,.mxptint.net,0
B,.yahoo.com,0
op_u_id,opt.objectiveportal.com,0
khaos,.rubiconproject.com,0
EQUser,.eqads.com,0
id,.m6r.eu,0
b,.blismedia.com,0
tuuid_last_update,.creative-serving.com,0
view,.creative-serving.com,0
tuuid,.creative-serving.com,0
ad-id,.amazon-adsystem.com,0
ad-privacy,.amazon-adsystem.com,0
extendtv_user_id,.extend.tv,0
ra1_uid,.gwallet.com,0
smn_uid,.ladsp.com,0
__cfduid,.themepunch.com,0
__utma,.wowslider.com,0
__utmz,.wowslider.com,0
__gads,.impressivewebs.com,0
__utma,.impressivewebs.com,0
__utmz,.impressivewebs.com,0
7733bd20fd3b9354859daa6a6e1442ad,www.limesurvey.org,1
_pk_id.1.9ada,www.limesurvey.org,0
uuid,.innovid.com,0
_ym_uid,.codemyui.com,0
_ym_d,.codemyui.com,0
_omappvp,codemyui.com,0
_ga,.codemyui.com,0
cid,server.seadform.net,0
uid,.seadform.net,0
id5,.id5-sync.com,0
3pi,.id5-sync.com,0
cf,.id5-sync.com,0
cip,.id5-sync.com,0
cnac,.id5-sync.com,0
car,.id5-sync.com,0
8lcfmzhxc8d6_uid,.redintelligence.net,0
BT,.tradedoubler.com,0
PI,.tradedoubler.com,0
UI,.tradedoubler.com,0
AFFICHE_W,.weborama.fr,0
uf,.tradetracker.net,0
pi,.tradetracker.net,0
UserID1,.adfarm1.adition.com,0
sync-his,.tidaltv.com,0
__cfduid,.accordionslider.com,0
__cfduid,.webarti.com,1
_ga,.accordionslider.com,0
csrftoken,www.nmm.nl,0
django_language,www.nmm.nl,0
_ga,.getsmokin.nl,0
_ga,.nmm.nl,0
ouuid,.volvelle.tech,0
ouuid_lu,.volvelle.tech,0
KTPCACOOKIE,.pubmatic.com,0
ANON_ID,.tribalfusion.com,0
audit,.rubiconproject.com,0
__ev_uid,.eyeviewads.com,0
i,.openx.net,0
pux,eus.rubiconproject.com,0
GLOBALID,.bttrack.com,0
m-tgvs,.quora.com,0
_ga,.quora.com,0
__cfduid,.javascript.info,0
_ga,.javascript.info,0
_ym_uid,.javascript.info,0
_ym_d,.javascript.info,0
__cfduid,.js.cx,0
__cfduid,.plnkr.co,0
_ga,.plnkr.co,0
__utma,.plnkr.co,0
__utmz,.plnkr.co,0
__atuvc,plnkr.co,0
GAPS,accounts.google.com,1
Conversion,www.googleadservices.com,0
Conversion,www.googleadservices.com,0
Conversion,www.googleadservices.com,0
MSFPC,www.skype.com,0
MSCC,.skype.com,0
CMSPreferredCulture,www.skype.com,0
SC,.skype.com,0
CMSPreferredCulture,support.skype.com,0
MSFPC,support.skype.com,0
ct_echo_session,.zdnet.de,0
__srret,www.zdnet.de,0
__sc_uid_,www.zdnet.de,0
_ga,.zdnet.de,0
__qca,.zdnet.de,0
_pk_id.31.3707,delivery.selfcampaign.com,0
axd,delivery.selfcampaign.com,0
_pk_uid,mbpi.mbmedien.de,0
wfivefivec,.w55c.net,0
optimizelyEndUserId,.searchnetworking.de,0
tt_prereg,.searchnetworking.de,1
co,.searchnetworking.de,1
_ceg.s,.searchnetworking.de,0
_ceg.u,.searchnetworking.de,0
_ga,.searchnetworking.de,0
_cb,www.searchnetworking.de,0
_chartbeat2,www.searchnetworking.de,0
COOKIE_SUPPORT,my.vmware.com,0
X-DR-SHOPPER-vmware,store.vmware.com,0
visid_incap_1639707,.vmware.com,0
VISITOR_ID,store.vmware.com,0
X-DR-SHOPPER-vmwde,store.vmware.com,0
visid_incap_1638028,.digitalriverws.com,0
__cfduid,.bytegain.com,1
ajs_anonymous_id,.vmware.com,0
uid,.www.upsellit.com,0
optimizelyEndUserId,.store.vmware.com,0
mmapi.p.pd,.vmware.com,0
mmapi.p.srv,.vmware.com,0
__atuvc,store.vmware.com,0
utag_main,.store.vmware.com,0
TAPID,.tealiumiq.com,0
_ga,.store.vmware.com,0
_evidon_consent_cookie,.workspaceone.com,0
_ga,.urbanstudio.de,0
bblastvisit,www.linuxquestions.org,0
bblastactivity,www.linuxquestions.org,0
atqn_lastvisit,account.thequestionsnetwork.org,0
atqn_lastactivity,account.thequestionsnetwork.org,0
__utma,.linuxquestions.org,0
__utmz,.linuxquestions.org,0
bb_sessionhash,.ubuntuforums.org,0
bb_lastvisit,.ubuntuforums.org,0
bb_lastactivity,.ubuntuforums.org,0
__cfduid,.cyberciti.biz,1
_ga,.cyberciti.biz,0
hide_help_ride,www.overleaf.com,0
__cfduid,.meraki.cisco.com,0
registered,meraki.cisco.com,0
_ga,.rapidtables.com,0
_ga,.w3schools.com,0
__cfduid,.androidappsapk.co,0
GUEST_LANGUAGE_ID,my.vmware.com,0
__distillery,meraki.cisco.com,0
CGIC,.google.com,0
CGIC,.google.com,0
UTMSessionCount,.citrix.de,0
UTMReferralSources,.citrix.de,0
_evidon_consent_cookie,www.citrix.de,0
_mkto_trk,.www.citrix.de,0
_ga,.citrix.de,0
_evidon_consent_cookie,docs.vmware.com,0
LFUEmInf_Sophos,.sophos.com,1
uvts,.cloud.sophos.com,1
website#lang,.sophos.com,1
_ga,.mozilla.org,0
lang,.savefrom.net,0
uid,.savefrom.net,0
propelleInterstitialTimer-e,.savefrom.net,0
poropellerAdsPush-e,.savefrom.net,0
clickads-e2,.savefrom.net,0
_ga,.savefrom.net,0
_ym_uid,.savefrom.net,0
_ym_d,.savefrom.net,0
s_vnum,.chip.de,0
588f272a3e49c_dmp_theadex,.nativendo.de,0
i,.df-srv.de,0
AB_countNew,www.chip.de,0
_sp_v1_uid,mms.chip.de,0
_sp_v1_data,mms.chip.de,0
_sp_v1_ss,mms.chip.de,0
_sp_v1_opt,mms.chip.de,0
_sp_v1_csv,mms.chip.de,0
_sp_v1_lt,mms.chip.de,0
CXOid,.chip.de,0
s_fid,.chip.de,0
s_dslv,.chip.de,0
s_vi,.chip.de,0
permutive-session,.chip.de,0
_psegs,.chip.de,0
_pdfps,.chip.de,0
_ga,.eltima.com,0
_ga,.clashofclans-tools.com,0
_ga,.p5js.org,0
_ceg.s,.tagesspiegel.de,0
_ceg.u,.tagesspiegel.de,0
zdi,.criteo.com,0
axd,.theadex.com,0
tis,.theadex.com,0
UID,ads.stickyadstv.com,0
deuxesse_uxid,.twiago.com,0
LIG_ULT,.ligadx.com,0
LIG_U18,.ligadx.com,0
dspuuid,.sxp.smartclip.net,0
psyn,.sxp.smartclip.net,0
uuid,.sxp.smartclip.net,0
ayl_visitor,.omnitagjs.com,0
tu,.ih.adscale.de,0
uu,.adscale.de,0
id,.yieldlab.net,0
tluid,.3lift.com,0
csync,.smartadserver.com,0
xdefcc,.tagesspiegel.de,0
_ga,.tagesspiegel.de,0
dekisession,.documentation.meraki.com,1
CP_GUTC,.cisco.com,0
cdc.cookie.newUser,www.cisco.com,0
_gd_visitor,www.cisco.com,0
_gd_svisitor,www.cisco.com,0
BKUT,.eloqua.com,0
liveagent_oref,www.cisco.com,0
liveagent_vc,www.cisco.com,0
liveagent_ptid,www.cisco.com,0
_ZIFT_UA,.ziftsolutions.com,0
Conversion,www.googleadservices.com,0
SC_ANALYTICS_GLOBAL_COOKIE,www.qlik.com,0
_gcl_aw,.qlik.com,0
_gd_visitor,www.qlik.com,0
_gd_svisitor,www.qlik.com,0
rxVisitor,.qlik.com,0
_gaexp,.gartner.com,0
ReturningPIUser,.www.gartner.com,0
_ju_dn,.gartner.com,0
_ju_dc,.gartner.com,0
1P_JAR,.gstatic.com,0
CONSENT,.gstatic.com,0
_ga,.gartner.com,0
_ga,.geoiplookup.net,0
__cfduid,.db-ip.com,0
__utma,.db-ip.com,0
__utmz,.db-ip.com,0
__cfduid,.sitesearch360.com,0
Conversion,www.googleadservices.com,0
_gac_UA-737537-3,.sophos.com,0
_ga,.software-express.de,0
browse_current_sort,www.dropbox.com,0
last_active_role,.dropbox.com,1
_pk_ref.5.4924,appvisory.com,0
_pk_id.5.4924,appvisory.com,0
_gac_UA-737537-18,.sophos.com,0
CampaignID,.sophos.com,0
optimizelyEndUserId,.cisco.com,0
_ga,.meraki.cisco.com,0
_ga,.cisco.com,0
AMCV_B8D07FF4520E94C10A490D4C%40AdobeOrg,.cisco.com,0
_mkto_trk,.cisco.com,0
CONSENTMGR,.cisco.com,0
utag_main,.cisco.com,0
__cfduid,.sloyalty.com,0
__cfduid,.hsadspixel.net,0
SnapABugHistory,www.hummingbirdnetworks.com,0
_ga,.hummingbirdnetworks.com,0
fornax_anonymousId,.hummingbirdnetworks.com,1
__hstc,.hummingbirdnetworks.com,0
hubspotutk,.hummingbirdnetworks.com,0
_sp_id.3e95,www.hummingbirdnetworks.com,0
pixel,.yotpo.com,0
__utma,.documentation.meraki.com,0
__utmz,.documentation.meraki.com,0
at-acbde,.amazon.de,1
sess-at-acbde,.amazon.de,1
sst-acbde,.amazon.de,1
_gt,caniuse.com,0
_ga,.caniuse.com,0
ajs_anonymous_id,.atlassian.com,0
_sio,.atlassian.com,0
__atl_path,.atlassian.com,0
seg_xid,.atlassian.com,0
seg_xid_fd,.atlassian.com,0
seg_xid_ts,.atlassian.com,0
_CT_RS_,.atlassian.com,0
optimizelyEndUserId,.atlassian.com,0
OptanonConsent,.atlassian.com,0
_evga_86b0,.atlassian.com,0
ajs_user_id,.atlassian.com,0
ajs_group_id,.atlassian.com,0
_ga,.atlassian.com,0
rtn1-z,.rlcdn.com,0
WRUIDAWS,.atlassian.com,0
__CT_Data,.atlassian.com,0
ctm,.atlassian.com,0
OGPC,.google.com,0
_ga,.tp-link.com,0
_ga,.stackexchange.com,0
sfbShellAppLaunched,.lync.com,0
_ga,.fachinformatiker-anwendungsentwicklung.net,0
_pk_ref.39.de92,fiw.fhws.de,0
_pk_id.39.de92,fiw.fhws.de,0
_ga,.fiw.fhws.de,0
et_bloom_optin_optin_4_empty_empty_imp,www.intertech.com,0
cuvid,.clickdimensions.com,0
cuvid,.intertech.com,0
et_bloom_optin_optin_2_custom_form_imp,www.intertech.com,0
et_bloom_optin_optin_1_custom_form_imp,www.intertech.com,0
cookieconsent_status,www.studentenwerk-wuerzburg.de,0
uid,docplayer.org,0
refs,.docplayer.org,0
_ga,.docplayer.org,0
__atuvc,docplayer.org,0
__atssc,docplayer.org,0
uid,.turn.com,0
SEUNCY,.semasio.net,0
wui,.weborama.com,0
__cfduid,.crisp.chat,0
crisp-client%2Fsession%2F0387cc22-33e9-44e8-826f-c5c18d31fc81,.icons8.de,0
_ga,.icons8.de,0
__utma,.informatikzentrale.de,0
__utmz,.informatikzentrale.de,0
__cfduid,.javacodegeeks.com,1
__cfduid,.onesignal.com,0
_ga,.javacodegeeks.com,0
CMSPreferredCulture,swagger.io,0
_ga,.swagger.io,0
_ceg.s,.swagger.io,0
_ceg.u,.swagger.io,0
driftt_aid,swagger.io,0
bf_lead,.swagger.io,0
_mkto_trk,.swagger.io,0
cfid,www.cloudcomputing-insider.de,0
cftoken,www.cloudcomputing-insider.de,0
msm_flower,www.cloudcomputing-insider.de,0
NEWSLETTERAD_COUNTER,www.cloudcomputing-insider.de,0
NEWSLETTERAD_LASTVISIT,www.cloudcomputing-insider.de,0
_ga,.cloudcomputing-insider.de,0
_gu,www.cloudcomputing-insider.de,0
_gw,www.cloudcomputing-insider.de,0
rxVisitor,.cloudcomputing-insider.de,0
01AI,.abmr.net,0
PYPF,.paypalobjects.com,0
cookie_policy,.flaticon.com,0
__cfduid,.intellij-support.jetbrains.com,0
__cfduid,.p18.zdassets.com,1
__cfduid,.static.zdassets.com,1
__cfduid,.jbs.zendesk.com,0
_ga,.jetbrains.com,0
brwsr,.ojrq.net,0
ajs_anonymous_id,.shutterstock.com,0
_gcl_au,.shutterstock.com,0
__ssid,.shutterstock.com,0
__cfduid,.ranksci.com,0
cto_lwid,.shutterstock.com,0
_ym_uid,.shutterstock.com,0
_ym_d,.shutterstock.com,0
_BUID,.bizible.com,0
tuuid,ad.360yield.com,0
tuuid_lu,ad.360yield.com,0
__qca,.adform.net,0
cl,www.shutterstock.com,0
dspuuid-D66,.angsrvr.com,0
KRTBCOOKIE_255,.pubmatic.com,0
sc_is_visitor_unique,.aka-a-edge.flaticon.com,0
_ga,.aka-a-edge.flaticon.com,0
sc_is_visitor_unique,.www.flaticon.com,0
_ga,.flaticon.com,0
mp_28a22b7cf07cbca77b89d85b685d82f5_mixpanel,.flaticon.com,0
testab_ranking,.freepik.com,0
testab_se_pos,.freepik.com,0
lastsearch,www.freepik.com,0
sc_is_visitor_unique,.aka-a-edge.freepik.com,0
_ga,.aka-a-edge.freepik.com,0
brwsr,.7eer.net,0
irld,shutterstock.7eer.net,0
visitor_id,.shutterstock.com,0
bce,.shutterstock.com,0
connect.sid,www.shutterstock.com,0
locale,.shutterstock.com,0
did,.shutterstock.com,0
ajs_user_id,.shutterstock.com,0
ajs_group_id,.shutterstock.com,0
_ga,.shutterstock.com,0
IRF_3,.shutterstock.com,0
IR_PI,.shutterstock.com,0
_biz_uid,.shutterstock.com,0
_biz_nA,.shutterstock.com,0
_biz_pendingA,.shutterstock.com,0
inqState_10005809,shutterstock.inq.com,0
inqVital_10005809,shutterstock.inq.com,0
inqSession_10005809,shutterstock.inq.com,0
_ceg.s,.shutterstock.com,0
_ceg.u,.shutterstock.com,0
cid,a2.adform.net,0
_litra_id.283b,a2.adform.net,0
IDSYNC,.advertising.com,0
APID,.advertising.com,0
CMID,.casalemedia.com,0
CMPS,.casalemedia.com,0
CMPRO,.casalemedia.com,0
CMSUM,.casalemedia.com,0
CMRUM3,.casalemedia.com,0
KRTBCOOKIE_244,.pubmatic.com,0
um,ad.360yield.com,0
umeh,ad.360yield.com,0
taboola_vmp,.taboola.com,0
t_gid,.taboola.com,0
taboola_usg,.taboola.com,0
um,.plista.com,0
sc_is_visitor_unique,.www.freepik.com,0
_ga,.freepik.com,0
mp_28a22b7cf07cbca77b89d85b685d82f5_mixpanel,.freepik.com,0
is_unique,.statcounter.com,0
__cfduid,.makerbook.net,0
bp_ut_session,makerbook.net,0
_ga,.makerbook.net,0
__smVID,makerbook.net,0
_ga,.iconmonstr.com,0
crisp-client%2Fsession%2F0387cc22-33e9-44e8-826f-c5c18d31fc81,.icons8.com,0
_ga,.icons8.com,0
_pk_ref.4.0d61,www.studentenwerk-wuerzburg.de,0
_pk_id.4.0d61,www.studentenwerk-wuerzburg.de,0
_ga,.github.com,0
_ga,.atom.io,0
_ga,.developer.android.com,0
golem_uz,.golem.de,0
__io_first_source,www.golem.de,0
__io_lv,www.golem.de,0
__io_unique_43098,www.golem.de,0
__utma,.golem.de,0
__utmz,.golem.de,0
io_user_hash,.tt.onthe.io,0
Pookie,.plista.com,0
xdefcc,.healte.de,0
exactag_new_uk,m.exactag.com,0
golem-cookie-accept,.golem.de,0
xdefcc,.golem.de,0
__io_r,www.golem.de,0
__io,www.golem.de,0
_mkto_trk,.getpostman.com,0
_ga,.getpostman.com,0
_ga,.app.getpostman.com,0
_gcl_au,.bluestacks.com,0
_ga,.bluestacks.com,0
VID,.mail.ru,0
__cfduid,.gracza.pl,1
_ga,.gamepressure.com,0
__gfp_64b,.gamepressure.com,0
_tli,.gamepressure.com,0
_tlc,.gamepressure.com,0
_tlv,.gamepressure.com,0
Gtest,.hit.gemius.pl,0
Gdyn,.hit.gemius.pl,0
c_user,.facebook.com,1
xs,.facebook.com,1
_tlp,.gamepressure.com,0
uuid,.tradelab.fr,0
__cfduid,.wikimg.net,0
_ga,.strategywiki.org,0
__qca,.strategywiki.org,0
__atuvc,strategywiki.org,0
__atssc,strategywiki.org,0
uvc,.addthis.com,0
ssc,.addthis.com,0
ouid,.addthis.com,0
mus,.addthis.com,0
uid,.addthis.com,0
loc,.addthis.com,0
_evidon_consent_cookie,.ign.com,0
zdconsent,.ign.com,0
euconsent,.ign.com,0
bucket_map,.1369090036.log.optimizely.com,0
end_user_id,.1369090036.log.optimizely.com,0
localization,.workspaceone.com,1
_myaw_ga,.workspaceone.com,0
BT_pdc,www.it-administrator.de,0
__auc,.it-administrator.de,0
_ga,.it-administrator.de,0
__sc_uid_,www.it-administrator.de,0
_autags,.selfcampaign.com,0
_auid,.selfcampaign.com,0
et_id,www.etracker.de,0
_et_coid,www.etracker.de,0
_et_coid,.it-administrator.de,0
TDID,.adsrvr.org,0
TDCPM,.adsrvr.org,0
exp_last_visit,www.air-watch.com,0
exp_last_activity,www.air-watch.com,0
AMCV_5B29123F5245AD520A490D45%40AdobeOrg,.vmware.com,0
KRTBCOOKIE_218,.pubmatic.com,0
PugT,.pubmatic.com,0
PUBMDCID,.pubmatic.com,0
utag_main,.vmware.com,0
s_nr,.vmware.com,0
aam_uuid,.docs.vmware.com,0
rxVisitor,.vmware.com,0
_kuid_,.krxd.net,0
SC_ANALYTICS_GLOBAL_COOKIE,.sophos.com,1
EmailSpamComplianceResult,.sophos.com,1
__utma,.sophos.com,0
__utmz,.sophos.com,0
__utmv,.sophos.com,0
_vwo_uuid_v2,.sophos.com,0
_swnid,.spiceworks.com,0
_swauth,.spiceworks.com,0
_ga,.sophos.com,0
uvts,.central.sophos.com,1
_ga,.meraki.com,0
__utma,.n140.meraki.com,0
__utmz,.n140.meraki.com,0
x-acbde,.amazon.de,0
zdcse_source,www.ign.com,0
_cb,www.ign.com,0
_chartbeat2,www.ign.com,0
_v__chartbeat3,www.ign.com,0
iev0,.tradelab.fr,0
muxData,www.ign.com,0
ign_user_frequency,.ign.com,0
optimizelySegments,.ign.com,0
optimizelyBuckets,.ign.com,0
e2e_v,e2e.ign.com,1
optimizelyEndUserId,.ign.com,0
newPrivacyPolicy,.ign.com,0
uuid2,.tradelab.fr,0
uuid2,.adnxs.com,0
_ga,.ign.com,0
gf_dvi,gamefaqs.gamespot.com,0
gf_geo,gamefaqs.gamespot.com,0
XCLGFbrowser,gamefaqs.gamespot.com,0
LDCLGFbrowser,gamefaqs.gamespot.com,0
s_vnum,.gamespot.com,0
s_getNewRepeat,.gamespot.com,0
s_lv_gamefaqs,.gamespot.com,0
__utma,.gamefaqs.gamespot.com,0
__utmz,.gamefaqs.gamespot.com,0
s_vi,.cbsi.com,0
AMCV_10D31225525FF5790A490D4D%40AdobeOrg,.gamespot.com,0
aam_uuid,.gamefaqs.gamespot.com,0
trc_cookie_storage,gamefaqs.gamespot.com,0
dextp,.demdex.net,0
_li_ss,i.liadm.com,0
lidid,.liadm.com,0
OTZ,apis.google.com,1
_ga,.overleaf.com,0
sbjs_migrations,.bgr.com,0
sbjs_current_add,.bgr.com,0
sbjs_first_add,.bgr.com,0
sbjs_current,.bgr.com,0
sbjs_first,.bgr.com,0
sbjs_udata,.bgr.com,0
tfw_exp,.twitter.com,0
skimGUID,.skimresources.com,0
skimORIGIN,.skimresources.com,0
_ga,.bgr.com,0
skimCONSENT,.skimresources.com,0
EE,.exelator.com,0
ud,.exelator.com,0
skimCSP,.skimresources.com,0
eupubconsent,.bgr.com,0
euconsent,.consensu.org,0
__utma,.maclife.de,0
__utmz,.maclife.de,0
fr,.facebook.com,1
IDE,.doubleclick.net,0
criteo,.outbrain.com,0
rlas3,.rlcdn.com,0
pxrc,.rlcdn.com,0
ab,.agkn.com,0
u,.agkn.com,0
centralnotice_banner_impression_count,de.wikipedia.org,0
centralnotice_single_banner_impression_count,de.wikipedia.org,0
centralnotice_hide_fundraising,de.wikipedia.org,0
centralnotice_hide_fundraising,.meta.wikimedia.org,0
centralnotice_hide_fundraising,.wikipedia.org,0
WMF-Last-Access,en.wikipedia.org,1
centralnotice_hide_fundraising,.commons.wikimedia.org,0
WMF-Last-Access,commons.wikimedia.org,1
centralnotice_hide_fundraising,.wikiquote.org,0
WMF-Last-Access,en.wikiquote.org,1
WMF-Last-Access-Global,.wikiquote.org,1
centralnotice_hide_fundraising,.wikibooks.org,0
WMF-Last-Access,en.wikibooks.org,1
WMF-Last-Access-Global,.wikibooks.org,1
centralnotice_hide_fundraising,species.wikimedia.org,0
WMF-Last-Access,species.wikimedia.org,1
centralnotice_hide_fundraising,.wikiversity.org,0
WMF-Last-Access,en.wikiversity.org,1
WMF-Last-Access-Global,.wikiversity.org,1
centralnotice_hide_fundraising,.mediawiki.org,0
WMF-Last-Access,www.mediawiki.org,1
WMF-Last-Access-Global,.mediawiki.org,1
centralnotice_hide_fundraising,.wikisource.org,0
WMF-Last-Access,en.wikisource.org,1
WMF-Last-Access-Global,.wikisource.org,1
centralnotice_hide_fundraising,.wikinews.org,0
WMF-Last-Access,en.wikinews.org,1
WMF-Last-Access-Global,.wikinews.org,1
pll_language,www.welivesecurity.com,1
UserMatchHistory,.ads.linkedin.com,1
_ga,.welivesecurity.com,0
rcktfl,.outbrain.com,0
__cfduid,.heinz-schmitz.org,0
obuid,.outbrain.com,0
_ofcap_DOC1,.outbrain.com,0
_cb,www.heise.de,0
_chartbeat2,www.heise.de,0
_pk_ref.6.8a80,bibliothek.fhws.de,0
demdex,.demdex.net,0
AMCV_8E929CC25A1FB2B30A495C97%40AdobeOrg,.ieee.org,0
ev_sync_dd,.everesttech.net,0
dpm,.dpm.demdex.net,0
s_vi,.ieee.org,0
csrftoken,www.bibliothek.fhws.de,0
_pk_id.6.8a80,bibliothek.fhws.de,0
PLAY_SESSION,help.getpocket.com,0
_ga,.getpocket.com,0
ki_t,help.getpocket.com,0
ki_r,help.getpocket.com,0
s_fid,.ieee.org,0
utag_main,.ieee.org,0
OTZ,notifications.google.com,1
CONSENTMGR,.telekom.de,0
wt_nv,.telekom.de,0
wt_cdbeid,.telekom.de,0
utag_main,.telekom.de,0
wt_mcp_sid,.telekom.de,0
wteid_187002489208625,pix.telekom.de,0
CDB-WEBTREKK-COOKIE-NAME,header.cdb.t-online.de,0
wt_cookiecontrol,.telekom.de,0
wteid_466073550157358,pix.telekom.de,0
wt_geid,.wbtrk.net,0
wt3_eid,.telekom.de,0
wt_rla,.telekom.de,0
cid,track.adform.net,0
uid,.adform.net,0
pid,.xplosion.de,0
pid_short,.xplosion.de,0
pid_signature,.xplosion.de,0
ep,.xplosion.de,0
LPVisitorID,lo.v.liveperson.net,0
LPVID,.telekom.de,0
wteid_196380495960676,.telekom.de,0
wt_rla,.wdr.de,0
wteid_968797372740766,wdr01.wt-eu02.net,0
i00,.ioam.de,0
d,.quantserve.com,0
_gat,.stackoverflow.com,0
_ga,.stackoverflow.com,0
_gid,.stackoverflow.com,0
session-token,.amazon.de,0
csm-hit,www.amazon.de,0
session-id-time,.amazon.de,0
session-id,.amazon.de,0
ubid-acbde,.amazon.de,0
AID,.googleadservices.com,0
_pk_id.16.41c1,myshadow.org,1
optimizelyEndUserId,.computerbild.de,0
cobi_ubid_hash,.computerbild.de,0
_TStfc,.computerbild.de,0
spVcTimeout,.spiegel.de,0
spVcData2,.spiegel.de,0
spiegelsans,www.spiegel.de,0
fontawesome,www.spiegel.de,0
misobold,www.spiegel.de,0
spiegelserif,www.spiegel.de,0
mx_nam_id,.spiegel.de,0
xdefcc,.spiegel.de,0
sp_cmd,.spiegel.de,0
_sp_v1_uid,spiegel-de.spiegel.de,0
_sp_v1_data,spiegel-de.spiegel.de,0
_sp_v1_ss,spiegel-de.spiegel.de,0
_sp_v1_opt,spiegel-de.spiegel.de,0
_sp_v1_csv,spiegel-de.spiegel.de,0
_sp_v1_lt,spiegel-de.spiegel.de,0
puu,.pons.com,0
__cfduid,.pons.com,0
last_bilingual,.pons.com,0
last_left,.pons.com,0
last_search,.pons.com,0
last_source,.pons.com,0
ff01,.pons.com,0
xdefcc,.pons.com,0
TAID,.google.com,1
AID,.google.com,1
loid,.reddit.com,1
token,.reddit.com,1
rseor3,.reddit.com,1
rabt,.reddit.com,1
recent_srs,.reddit.com,1
session_tracker,.reddit.com,1
ct0,.twitter.com,1
MOIN_SESSION_80_ROOT_moin,wiki.python.org,1
m-early_v,.quora.com,1
m-tz,.quora.com,1
m-css_v,.quora.com,1
m-b,.quora.com,1
m-s,.quora.com,1
__cfduid,.blog.ipswitch.com,0
optimizelyEndUserId,.ipswitch.com,0
dwf_contrib_beta,developer.mozilla.org,1
dwf_sg_task_completion,developer.mozilla.org,1
